goal,desc_len,story_len,urgency,has_video,account_age,past_campaigns,past_frauds,fraud
428840,84,2245,0.0007876918587403914,0,297,4,2,1
103069,128,1806,0.06888430376236532,1,124,9,2,1
271170,67,604,0.2512498248586954,0,665,2,2,1
236087,426,2405,0.12240549961687797,1,1461,10,0,0
487378,259,2959,0.3460510812501725,1,1498,5,1,1
287230,282,2321,0.5516954727913083,1,884,2,0,0
934921,475,2898,0.2214625532109913,0,1347,4,2,1
333476,101,1508,0.3665494867772584,1,997,0,0,0
897767,220,1655,0.6754099355141678,0,536,10,0,0
820696,442,2716,0.0941939994694605,0,382,0,0,0
511091,107,445,0.9106600324021111,0,1383,5,1,1
225397,350,1151,0.9087620855260067,1,92,7,0,0
344482,474,266,0.40652961400490584,0,545,3,2,1
32222,185,101,0.09431094518759009,1,1452,7,2,1
138985,374,485,0.7252233175037905,0,1360,1,1,1
51683,155,612,0.43032523100095754,0,1457,4,1,1
991149,223,326,0.31305856998164006,1,1116,4,0,0
978891,78,1709,0.0136081465228578,0,994,10,2,1
720281,433,506,0.7182095327136244,0,1064,4,0,0
34694,198,134,0.5148409131559727,0,454,9,2,1
582760,246,2093,0.5967433385465104,1,344,4,1,1
286684,172,1721,0.2268180255480179,1,87,10,0,0
192254,258,1774,0.7072398856434314,0,1398,0,0,0
161651,155,2915,0.7524017327839473,1,900,4,1,1
611236,303,368,0.262728504732876,0,961,1,1,1
948059,313,1872,0.07691279908425386,1,349,1,0,0
690217,361,1848,0.9519642399947472,1,504,4,0,0
542931,461,2275,0.9261933758628693,1,652,0,1,1
646248,273,1926,0.010421125566699163,1,398,8,2,1
620975,354,2823,0.11744093329801619,0,88,1,0,0
704702,339,1009,0.7572836674605073,0,300,3,1,1
627680,385,94,0.08381361364703666,1,421,4,2,1
622103,308,2976,0.26280800385325553,1,1418,10,2,1
299190,89,2747,0.42851320524969605,0,1396,8,0,0
893894,154,344,0.8023249821516363,0,418,2,0,0
914569,214,1437,0.17618386320526336,0,1273,8,2,1
824300,403,1981,0.4448998453688443,1,632,2,2,1
40206,343,853,0.6393622561437808,1,419,8,0,0
337209,470,681,0.5528768988995945,0,123,1,2,1
652620,289,277,0.9974259392790947,1,67,10,1,1
305236,319,2270,0.6872671585509884,0,1259,1,1,1
547836,260,659,0.9911503909877447,0,466,5,2,1
383739,189,212,0.990725581019415,1,744,3,0,0
470575,374,1660,0.5258989911511154,0,1033,10,2,1
528428,261,117,0.7195269561339274,1,1201,2,1,1
58271,481,1693,0.02368584239287652,0,575,1,1,1
557430,386,168,0.36215187512807334,0,988,4,0,0
312301,127,2651,0.8974096247427163,1,1129,5,0,0
253344,306,2874,0.4373280544664446,0,1104,1,2,1
923841,217,1989,0.5336709194838125,0,1054,10,2,1
583519,33,2963,0.8208418930703213,0,169,3,2,1
578647,343,2990,0.08946429431041725,0,160,0,2,1
303471,411,2482,0.8655354305812087,0,773,2,2,1
297800,285,814,0.6140378142696903,1,447,9,2,1
262136,426,829,0.3546107478197963,0,1126,2,2,1
51298,429,1219,0.010133955708157005,0,324,5,2,1
656969,148,695,0.27082439970592354,1,685,1,1,1
233662,246,2336,0.019804832700376918,1,360,4,0,0
436928,266,1694,0.735763043673401,1,997,0,1,1
422797,218,2611,0.18659396790400729,1,841,7,2,1
705057,229,311,0.10107754789967804,1,548,6,1,1
306282,140,877,0.8377487173494141,0,726,9,0,0
318279,101,628,0.35859731170430775,0,1076,3,2,1
96543,150,2312,0.6482019089779866,0,232,3,2,1
500783,356,2768,0.8511297513263594,1,680,0,1,1
222220,484,2915,0.7467954495060891,0,244,4,2,1
383805,423,95,0.8444314529618377,1,1290,3,2,1
961203,119,1767,0.36809768357060535,0,1383,6,0,0
560165,322,264,0.14014432980513658,1,172,8,1,1
758958,418,1489,0.8809928964376378,0,634,4,1,1
193882,114,930,0.3724135805007318,0,1127,10,0,0
118841,214,182,0.6307847572735525,1,716,9,1,1
221600,290,2553,0.4902074587448543,1,1381,1,1,1
914130,394,1525,0.6280445502387424,0,503,5,0,0
170002,246,1404,0.46003458832609756,1,875,7,1,1
913289,58,2708,0.6116065617122777,0,1048,3,1,1
624137,399,165,0.7600714642787731,0,1456,5,0,0
932309,199,147,0.8483496457274529,0,1151,8,2,1
770432,173,1355,0.03245417290315633,1,715,6,1,1
315263,422,538,0.6063061697951921,1,358,9,2,1
751405,139,1468,0.9536772419214701,1,690,4,0,0
165244,161,1730,0.37278966022199467,1,1004,2,1,1
819440,171,2318,0.12922105356960478,0,409,10,0,0
499814,105,868,0.9011583337065261,0,943,8,0,0
723150,331,1724,0.5906271720939974,1,1120,5,0,0
123587,217,1709,0.6230155859564113,0,1326,7,0,0
453126,188,2936,0.5521899636993293,1,442,10,1,1
465840,485,1742,0.33568160917192125,0,610,6,2,1
19657,407,2689,0.05464476106912264,1,865,4,2,1
39636,145,1976,0.1566151470826015,1,70,6,0,0
841326,286,2852,0.9666172137640363,1,643,2,0,0
493287,151,571,0.7237810706936847,1,595,0,0,0
338209,364,1205,0.2838428640326407,0,657,4,1,1
362071,242,494,0.8898101172450453,1,1011,1,2,1
813602,441,2600,0.6733240022753673,0,867,5,2,1
929304,202,1934,0.5793153676740599,0,914,6,0,0
226257,461,1451,0.6314855915039993,1,520,10,0,0
448469,438,2708,0.5356375549423075,1,739,6,0,0
687448,62,2845,0.9877737014936185,1,941,0,2,1
537006,139,295,0.43575996386593574,0,701,3,1,1
174938,223,146,0.9233237379877519,1,1132,3,1,1
968544,433,2976,0.6686210659320545,0,659,8,1,1
342269,458,181,0.1351840782046182,1,836,2,1,1
221599,168,1438,0.8417836634202146,1,164,0,0,0
994623,36,2935,0.5666810669202539,1,790,2,0,0
877841,403,742,0.713743607307084,0,910,4,0,0
425463,76,785,0.09097884271574341,1,584,6,0,0
547303,368,1296,0.08980134263781447,1,977,6,0,0
281279,66,1981,0.23229206643908973,1,770,5,0,0
557283,416,247,0.3049924761250644,1,1377,0,0,0
204369,440,2616,0.9810263015959687,0,1164,4,2,1
619694,450,1327,0.0556061683737169,1,607,1,1,1
103044,137,123,0.27886927720306964,0,1465,9,2,1
90074,69,1913,0.8969288414194778,1,13,4,0,0
417660,382,380,0.29342801401000973,0,1069,5,0,0
231945,467,1006,0.4897670774952855,0,501,4,2,1
377204,138,1035,0.2988924946966298,0,490,5,0,0
637509,119,1392,0.8139581585197535,0,1247,1,0,0
167160,59,2303,0.9027299044157931,0,85,2,1,1
680149,151,580,0.878428082352054,0,1203,1,1,1
432455,295,1144,0.7601595403495687,1,1191,7,0,0
821186,305,1301,0.5780022011432405,1,1095,9,2,1
187909,50,1771,0.08822422759733561,1,85,1,2,1
38474,376,836,0.9379096578917703,0,1415,9,2,1
263569,203,402,0.029301256551509947,1,1235,4,2,1
224542,320,2466,0.9499638807111758,0,72,0,1,1
947604,181,2390,0.011883887818626926,1,840,7,2,1
940597,52,1036,0.0920047043963722,1,832,7,0,0
60419,375,1011,0.25032301920467503,0,404,1,1,1
139782,254,1134,0.325205748265478,1,668,6,2,1
856214,111,179,0.21234446844959176,0,532,9,0,0
123236,59,1203,0.4036383721946297,1,739,2,0,0
270847,339,2902,0.9655178818645112,0,374,7,2,1
483779,490,2798,0.3820299345042799,0,457,7,0,0
696118,92,2000,0.7112315916561565,0,274,7,1,1
353224,331,2914,0.3625348550255951,0,1104,3,1,1
896971,407,1465,0.4000988900062308,1,329,2,1,1
73313,78,2779,0.7454527693919833,1,520,4,1,1
453955,372,442,0.954547247147056,0,419,3,0,0
513585,21,116,0.7102153645434277,0,30,2,2,1
637965,86,2043,0.9596022586120238,1,282,6,1,1
552506,413,914,0.8338910192756569,1,619,0,0,0
213717,121,2394,0.9440686014029827,1,481,4,1,1
363674,245,823,0.20454259953017895,1,1323,3,0,0
724448,49,1440,0.0947124652189204,0,951,2,1,1
309752,99,2646,0.33045977203959953,0,1032,6,1,1
272970,180,1729,0.12835497212760028,1,1141,8,0,0
570346,465,1700,0.12490689331272675,0,241,10,2,1
432497,212,894,0.783881698250743,0,1410,3,0,0
300893,157,166,0.8804376081219291,1,1092,3,2,1
17150,255,1643,0.3012783732828691,0,1305,4,0,0
378941,417,1853,0.7204715078379742,1,432,8,2,1
122100,427,2691,0.7119828217542322,0,514,1,0,0
513298,428,2982,0.37966738362115227,1,2,3,2,1
660453,104,2453,0.22023022925604663,0,1083,5,0,0
725561,346,2174,0.5725490651422587,0,615,6,1,1
953910,75,794,0.720738683146061,0,1487,0,1,1
993717,448,2463,0.04220116747483693,0,1102,0,1,1
627196,202,965,0.9452324426474836,1,572,10,1,1
229849,286,2582,0.8294083457928519,1,664,5,2,1
962366,204,214,0.9729571037166526,0,37,3,2,1
878873,412,1207,0.7292619037664727,0,426,8,0,0
980227,423,2189,0.6762971078907207,1,58,8,2,1
540482,96,1291,0.3577110742103833,1,652,10,2,1
757169,34,2345,0.3497294990436952,0,733,7,2,1
249591,476,626,0.40997308646379416,1,1442,3,0,0
850347,192,2545,0.47592777589514623,0,547,1,2,1
863453,308,514,0.546073310267699,1,178,8,2,1
45706,34,2255,0.7959624269421766,0,1043,4,0,0
321297,495,2764,0.8828947697157069,1,828,0,0,0
439182,498,2045,0.2366090910314569,1,729,9,1,1
911425,173,771,0.5905315361499718,1,1137,1,2,1
366162,67,1987,0.5898938138732546,0,1134,6,1,1
877885,179,2828,0.9918992736526785,0,1425,4,1,1
472930,130,1115,0.8181685262192315,0,527,4,0,0
636826,482,840,0.7242962136404251,1,1121,5,0,0
831660,84,739,0.6842777807127648,0,815,1,2,1
941917,269,558,0.5897350803286913,0,1042,3,1,1
569909,381,2720,0.6633781814892288,1,1466,10,1,1
136264,91,209,0.05543817553178576,0,538,3,2,1
680361,417,491,0.020691534716369753,1,386,6,0,0
3685,181,1832,0.1860360781394259,0,872,7,0,0
386423,265,2762,0.12254249060301037,1,14,7,2,1
148896,154,1282,0.04941168563604037,0,1176,0,0,0
173987,73,1660,0.32603467233474726,0,806,5,0,0
224927,135,1516,0.7746797271461956,0,486,2,1,1
573704,249,1900,0.06625846948671577,0,1019,2,1,1
956981,374,1438,0.24792823808282916,0,315,4,2,1
577692,356,2595,0.3886937630894891,1,1314,5,1,1
5298,105,878,0.5841442623294033,0,1430,7,0,0
994277,139,2569,0.06331559350798188,1,40,10,0,0
383335,481,2736,0.5406378056798136,0,1136,4,1,1
594974,110,1645,0.18731672188414372,1,161,3,0,0
581253,134,2005,0.8556459870332528,0,1433,1,1,1
804524,206,529,0.36044798816771284,0,86,10,0,0
950818,316,1528,0.4585858278684736,0,557,6,2,1
858938,291,2638,0.20930700417030512,1,188,4,2,1
401601,338,1773,0.8830928265845376,1,644,7,0,0
717921,219,2387,0.003348166850219547,1,423,8,1,1
843683,481,2910,0.16239117158505345,0,146,7,0,0
144232,168,116,0.46485236700729105,1,274,9,2,1
783785,153,2824,0.7952006646147947,1,1291,10,1,1
634858,135,1271,0.8199443333440501,0,1416,7,2,1
774694,52,1373,0.9339367298205854,0,564,7,0,0
441736,211,1017,0.20093145445154326,1,961,9,2,1
427538,314,153,0.04616639922370436,0,1029,10,2,1
903998,340,2535,0.9662245728133866,1,82,7,0,0
268212,245,1479,0.2670181767281411,0,190,0,0,0
775383,248,1290,0.28874362075006765,0,897,0,1,1
255798,255,2662,0.05918883604052494,0,937,4,2,1
830599,37,2610,0.981588622319706,1,1221,2,2,1
752367,123,755,0.4260972479027877,0,580,8,2,1
468059,138,317,0.38040372453467197,0,643,10,0,0
912893,375,2313,0.2436492744074572,1,892,5,0,0
923041,107,1236,0.9155632641147157,1,507,1,0,0
981154,224,1791,0.9841122491186398,1,27,7,0,0
424955,199,2466,0.6696414219766021,0,1402,5,2,1
693378,360,2735,0.6020970554708523,0,1322,0,1,1
89326,74,1211,0.4412393698841617,1,30,7,1,1
362778,130,181,0.3831756862350546,0,969,0,0,0
197337,183,677,0.4452327331532685,0,160,4,2,1
211484,457,1985,0.5826074349037436,1,550,6,1,1
767184,410,2978,0.7904291492395246,0,515,5,2,1
777388,314,2487,0.44911843377608973,1,735,7,0,0
781790,346,2277,0.3970962024254645,1,643,3,0,0
985086,66,979,0.4056526289659451,0,210,8,2,1
360508,122,85,0.554821140642803,1,994,5,1,1
511655,37,123,0.007399330473833898,0,10,2,2,1
339807,293,473,0.7189315329076252,1,1293,2,0,0
899136,375,2564,0.20984123550348832,1,996,0,0,0
123709,97,1669,0.7089200461067348,1,510,5,0,0
121718,270,970,0.9390962694913807,1,1084,6,1,1
738603,155,2901,0.7178294019018586,0,273,1,0,0
561381,369,87,0.3774265181956685,0,500,7,1,1
367367,286,158,0.676136565955867,0,1403,4,2,1
140993,446,2614,0.7933243046030125,0,813,2,1,1
783321,181,2472,0.551036864173146,1,317,5,0,0
182036,341,76,0.7757103654657569,1,730,10,1,1
472836,291,1440,0.10274199131640516,1,1251,7,0,0
48711,306,506,0.38404974475544174,1,1001,1,2,1
932000,214,853,0.7430707316417947,0,36,7,1,1
866923,420,1740,0.4979328857928291,0,327,8,0,0
485212,127,2457,0.5649295715408287,1,689,10,1,1
416044,314,1750,0.19985716915222596,1,1418,8,1,1
459693,320,2923,0.028429619201459255,0,1068,8,2,1
477618,299,1510,0.6096914965080841,0,1464,10,0,0
56471,160,2197,0.4157848733525912,1,1096,8,0,0
455298,482,1091,0.8205813789648796,1,2,8,1,1
889494,371,871,0.23445102965643205,1,170,0,1,1
959884,206,664,0.796977569267071,0,880,9,2,1
700023,45,2924,0.8509755045398596,1,923,5,1,1
812417,167,2669,0.10089544074338708,1,994,7,0,0
420503,450,297,0.6081440711081357,0,1369,1,2,1
883395,189,2394,0.5079030801447423,0,1387,4,2,1
123476,356,282,0.9579095558125724,1,60,6,2,1
765626,288,783,0.9917918429951444,1,344,3,0,0
73271,318,1309,0.8864438787949088,1,1092,1,1,1
161502,241,486,0.32415314119484395,0,594,8,0,0
854905,229,1321,0.11027525960995299,1,105,2,2,1
592677,437,2136,0.9247892654246634,0,829,0,1,1
546944,488,703,0.5001143574316638,1,1068,7,0,0
362600,38,256,0.3498835203914482,1,1411,5,0,0
35831,133,387,0.04275471337954806,0,217,2,1,1
698588,47,245,0.08491694972415298,1,925,5,1,1
962132,265,140,0.9597339864343662,0,993,0,2,1
341732,33,2523,0.7324730908785416,0,237,5,2,1
499375,65,793,0.03570303372968475,0,695,10,1,1
544761,268,1611,0.37458884297667827,1,15,0,1,1
3528,273,1962,0.07417414267328837,0,474,2,0,0
727544,498,214,0.286862368086109,0,1077,10,2,1
481388,454,2570,0.7346140205749113,1,75,2,1,1
151761,192,2734,0.10243176425335021,1,874,1,2,1
109763,177,1712,0.8359452530702585,0,677,4,1,1
841671,376,2470,0.6859988237103936,1,231,5,2,1
273910,428,308,0.11808863028738747,1,865,8,2,1
561253,468,2642,0.8884133635304737,1,337,5,2,1
908190,457,2554,0.7476281241724972,1,328,0,2,1
552076,61,2829,0.35288547588684505,1,109,6,0,0
647583,111,682,0.9120764184186742,0,981,7,1,1
688733,161,2506,0.39251280796826005,1,88,2,0,0
9967,218,2390,0.6261369627201093,0,506,7,2,1
992264,478,1643,0.026548405971489886,1,1175,5,1,1
157545,400,2867,0.5938123374598443,0,289,4,0,0
634613,366,2612,0.557587885633484,0,478,0,2,1
87919,260,775,0.06397393769127968,0,493,4,0,0
186602,60,1378,0.5128107098468422,1,801,1,1,1
888338,357,1871,0.08607488028694188,0,600,9,1,1
368534,380,1226,0.7279747608472665,0,833,0,0,0
702322,246,871,0.10870093271562853,1,289,5,1,1
793009,127,647,0.8641457846578047,0,634,4,1,1
452960,181,1519,0.11384015198925623,0,1240,0,1,1
657894,396,255,0.462356329240167,0,876,9,2,1
357869,390,1172,0.11446012028328256,1,1027,0,1,1
299558,183,2724,0.9029062614222464,1,1142,2,2,1
296229,286,2470,0.03159598051485224,1,215,8,1,1
348319,107,2648,0.5530186094768332,0,707,0,1,1
237897,28,82,0.5304346576559468,0,821,4,0,0
248896,257,282,0.2902062964161951,1,987,9,1,1
691598,411,1497,0.11001878651786168,1,771,8,1,1
538282,349,175,0.30785574947114447,1,284,3,1,1
998161,133,675,0.954652702146483,1,184,7,2,1
684878,235,937,0.6200287165576194,1,1404,9,2,1
226814,183,1016,0.5712809380712144,0,87,3,1,1
372133,187,2136,0.8509035361282572,0,1020,2,0,0
491931,58,239,0.3971913226178716,0,226,8,1,1
832252,359,2635,0.6965606582057138,1,202,1,0,0
239488,476,2681,0.9548999616508752,1,1275,1,0,0
742975,75,1879,0.4257259991634119,1,1263,7,2,1
597799,120,752,0.3063187710980635,0,372,2,2,1
898163,36,1814,0.8231835979434395,0,821,6,1,1
556902,293,1076,0.7287486312121957,1,1445,2,0,0
384932,318,764,0.2748518077338704,0,303,7,1,1
394658,154,2032,0.7557341926893097,1,81,1,1,1
144523,96,2589,0.07909588733421469,0,200,8,1,1
704053,163,1159,0.9394698748454304,1,1419,6,2,1
157451,33,1240,0.9623750977849054,0,202,4,0,0
196096,210,2226,0.34672914711066904,1,1321,3,0,0
206644,340,2510,0.5503278917009752,1,889,3,2,1
948750,443,1732,0.3109976976175477,1,1019,0,2,1
119004,256,2716,0.17658136259912716,1,1383,10,1,1
41162,153,671,0.2935783658770814,1,126,10,2,1
989984,267,350,0.6453298485332906,1,489,5,0,0
428182,447,2735,0.6147574103333778,0,20,6,0,0
892951,215,2696,0.9119619966356669,0,806,7,2,1
592267,70,293,0.14374127714402507,0,982,9,1,1
294167,279,2421,0.45574157058352505,0,438,3,2,1
97663,147,2672,0.9889021937319928,1,662,9,2,1
468657,481,1656,0.9183371905441036,0,1347,4,1,1
435466,252,1699,0.3051747225547111,1,1427,8,0,0
111123,66,527,0.5606086138492578,0,1414,10,2,1
845153,96,1327,0.2080249556982009,0,1313,0,1,1
359453,179,2350,0.11690182108098002,0,848,6,1,1
563164,269,820,0.06777051856321503,0,721,4,1,1
888111,309,1869,0.18217364860880458,0,411,4,0,0
854248,21,1789,0.3077367314990913,0,423,1,2,1
218915,226,1584,0.5036296134462216,0,882,0,0,0
353030,395,1919,0.16577739810521808,0,73,5,2,1
228011,329,2182,0.787969043045226,1,632,5,2,1
611690,69,875,0.7422931096909834,0,1153,6,1,1
636065,375,2275,0.028815141947491463,1,779,0,1,1
901039,144,2226,0.6256993872152162,1,540,9,0,0
20507,72,788,0.34317369596303204,0,167,10,0,0
289182,127,1877,0.6257277917756996,1,1323,6,1,1
796912,403,1866,0.7040760450723001,1,2,6,0,0
131927,358,992,0.7967173689498761,0,779,6,1,1
508618,321,1624,0.7449118635015962,0,1479,9,0,0
975379,253,2082,0.9133766611880897,1,402,5,0,0
299245,335,1812,0.8443661727450584,1,489,8,0,0
374423,314,2915,0.556048700852573,0,461,3,0,0
472355,395,542,0.05133133959073333,1,751,9,2,1
230662,489,2283,0.3013503110905028,1,386,8,1,1
456853,232,2483,0.4119537058251961,0,588,2,2,1
333810,280,2476,0.2834141628491904,0,350,4,2,1
922634,152,1509,0.23959168266563213,1,61,4,2,1
149552,294,2562,0.6452513968580141,0,346,0,0,0
384568,163,612,0.33627560857142824,0,1242,5,0,0
928685,62,2015,0.837578975911866,0,168,9,2,1
152401,30,909,0.24328475796856064,0,1354,3,0,0
709384,381,813,0.19075591988046126,1,244,2,1,1
333309,82,1621,0.31514193764017107,0,1351,1,2,1
620353,394,777,0.5684817379685353,0,682,5,2,1
699189,122,1727,0.5389014847773678,1,1468,4,0,0
991652,317,332,0.6956941795149914,0,513,8,0,0
643289,213,1621,0.012845035583034736,0,1305,5,0,0
300381,282,2611,0.2372789754628677,1,126,9,0,0
470382,157,1031,0.6458487959361471,1,1181,9,0,0
708907,403,756,0.06033845879901978,0,806,1,1,1
410951,391,1160,0.3120383059838865,0,1013,10,2,1
865739,58,2904,0.19854965782461553,1,1259,9,2,1
894876,296,1874,0.802103042524488,0,1012,4,2,1
306675,86,403,0.5222488419160441,1,751,7,1,1
675599,390,940,0.44330212026229665,1,551,2,0,0
583632,341,2078,0.3900631135234911,0,1457,10,1,1
14091,152,1914,0.8959055399436775,0,1064,7,1,1
648340,110,1704,0.6242873092081073,1,216,2,0,0
440706,306,2387,0.7370812182640373,1,1074,9,1,1
206637,336,749,0.8095243775373402,0,585,5,0,0
883977,85,668,0.15986266663224258,1,357,6,2,1
850381,340,667,0.7292149191669384,0,1370,1,2,1
512855,446,1351,0.31630114830147493,1,809,6,1,1
924304,500,1948,0.8225107565798685,0,97,6,2,1
7859,304,641,0.34215904418118637,1,870,2,2,1
805092,196,1572,0.4814357739878202,1,43,6,1,1
139386,477,1210,0.5576819651497302,1,1259,5,1,1
224380,496,1203,0.5607760399172438,0,206,10,1,1
706860,105,917,0.17847586147097916,0,1327,7,1,1
599656,199,2007,0.8761368224052031,0,1159,6,1,1
223081,140,447,0.35237883746463794,1,300,9,2,1
3503,459,1005,0.07083714307497768,1,1414,3,2,1
136979,87,987,0.9319415224657907,1,876,5,0,0
618428,172,183,0.5712078182152084,0,652,6,1,1
3183,398,276,0.6993315000653386,1,1192,3,1,1
719486,408,1080,0.1930998486057277,1,201,4,2,1
233534,287,1017,0.6417696988084736,1,204,0,1,1
693826,99,1345,0.13536140942042407,1,683,1,2,1
259654,115,2239,0.9036070583279618,1,959,9,2,1
734485,343,879,0.29843925008090677,1,175,0,2,1
23133,430,575,0.44153470549381924,1,588,8,0,0
235027,286,1386,0.21027065839802905,0,1500,0,2,1
489441,416,2688,0.027957575442058902,1,232,9,0,0
386972,89,2693,0.01543783139556365,0,1498,9,0,0
3769,208,496,0.03807678152581506,1,77,6,2,1
495426,481,1941,0.1632530570576507,0,1180,4,0,0
631463,371,967,0.5209657699353434,0,84,0,2,1
286148,61,470,0.17333652214021567,0,299,8,2,1
958192,477,2386,0.26661185757632466,0,284,7,2,1
133200,33,2825,0.5490091109617852,1,884,9,0,0
369091,272,226,0.33534790855923435,1,778,2,2,1
539061,405,1171,0.40138591075601693,0,1042,6,2,1
953877,443,118,0.8296813987566715,1,1348,7,1,1
902930,498,2015,0.5436150509204817,1,264,3,2,1
88316,261,231,0.27986177353990027,1,169,2,2,1
727763,198,1418,0.2015942988689874,1,213,4,2,1
871872,83,1339,0.6212766071492463,1,1208,8,1,1
699421,368,1008,0.19135448764368168,1,630,1,1,1
192960,242,2390,0.8426665220790782,0,1363,4,1,1
431015,401,95,0.24467875350215174,0,1028,2,0,0
29048,109,1917,0.9964633296304798,1,638,4,2,1
119548,310,2850,0.9292347716561177,0,1451,10,2,1
700946,485,2171,0.09941659998776764,1,1227,6,1,1
491883,114,2779,0.45318455539149394,1,992,4,1,1
941085,411,2067,0.05336221724992318,1,814,9,0,0
879797,479,1103,0.6351783423300204,0,272,6,0,0
810428,406,2358,0.5666957275952783,0,309,9,2,1
939993,162,173,0.08659417555219495,0,1411,1,2,1
232297,85,144,0.6115677259605693,1,1381,8,0,0
440120,328,2242,0.8307357386916657,1,1363,10,1,1
869115,446,2658,0.2310822375775583,1,862,3,2,1
663322,393,2174,0.9394483411873957,1,342,1,1,1
213643,400,982,0.8734122743374086,1,238,5,2,1
408022,154,825,0.8985403034202636,1,1093,7,0,0
482939,362,1115,0.3849597966497683,1,865,7,0,0
897221,40,2772,0.568414922933622,0,167,7,2,1
464174,126,2324,0.9525623090720196,0,841,2,0,0
47604,170,335,0.8065215996810547,1,103,3,1,1
73300,303,629,0.99544494435787,0,833,3,0,0
652269,156,319,0.6479773293521903,0,503,1,0,0
134165,378,2867,0.45616929134052464,0,803,9,2,1
495843,304,771,0.7000878891356228,0,483,5,1,1
453278,260,1605,0.13917667879932327,0,642,6,1,1
523694,385,2486,0.23112925605310353,1,930,5,0,0
879847,232,1556,0.8849758544573432,0,319,0,1,1
568162,259,916,0.09743189934581886,0,551,3,1,1
208921,139,752,0.4339351696735143,0,1319,10,0,0
358495,127,2331,0.305006696781007,1,957,4,1,1
713990,185,2430,0.8559384766400286,1,1071,4,0,0
23160,215,1148,0.3958338784186868,1,1327,4,2,1
940296,106,601,0.5462377032919961,1,646,9,0,0
825269,45,2096,0.3592445420635665,1,729,9,1,1
871645,40,758,0.5325123183171396,0,841,9,1,1
76177,111,1860,0.324469635930724,0,326,3,0,0
348627,267,805,0.7469099415679071,0,1200,2,2,1
430450,489,271,0.9612943738708087,0,1152,2,1,1
626367,149,1533,0.022455385772559566,1,669,5,0,0
382546,493,1781,0.0360157287973043,0,947,8,0,0
849850,171,1797,0.41267917360768036,0,681,5,2,1
604717,96,1934,0.7898354190372431,0,135,0,2,1
162311,21,2979,0.44162589986688716,0,1478,8,0,0
769007,208,390,0.4196262442975195,1,133,0,1,1
753630,307,78,0.2755619721930289,0,1498,2,2,1
706108,309,2331,0.33594241029690597,1,519,10,2,1
336247,278,453,0.08964829893196025,1,553,0,2,1
983452,297,1078,0.4111998692967509,0,264,8,1,1
314980,67,2078,0.22631110576082136,1,560,1,2,1
717651,124,1249,0.928396720506158,1,464,5,1,1
922557,157,1827,0.7643986302968159,1,42,0,0,0
491263,310,1979,0.9169738266022075,1,374,8,0,0
326197,84,2356,0.897822219117869,0,1148,8,2,1
906368,486,147,0.8091167036619596,0,1389,6,1,1
675247,208,163,0.11130557937395424,0,426,10,0,0
877404,126,558,0.09238674241896438,0,934,10,0,0
858376,290,2467,0.10664745200415437,0,996,3,0,0
549941,440,353,0.7044699400029419,0,1402,8,0,0
848513,158,2178,0.22488192017493647,0,770,9,1,1
582861,207,2788,0.6368053802186785,1,1400,1,2,1
508873,471,1975,0.13408047384681077,1,399,6,0,0
864398,77,2248,0.04372232038636403,1,213,2,0,0
919349,126,2040,0.05222609436706371,0,1091,4,2,1
721653,425,432,0.26126145298039594,0,433,9,2,1
847095,168,71,0.3494105209160028,1,428,5,0,0
142855,24,1881,0.47583239212322015,1,1029,5,1,1
826792,78,1354,0.7144007722438006,1,1101,5,2,1
846899,298,942,0.053868998409978386,0,1280,5,2,1
878969,97,2850,0.2095652723946324,0,825,8,1,1
676295,454,1557,0.9291943273622288,0,660,1,2,1
406792,141,1314,0.85893726882487,1,138,10,2,1
615002,425,796,0.741779135986544,0,270,6,1,1
878393,84,393,0.32331239068955175,1,513,6,2,1
412609,397,1378,0.7956444038563377,0,75,5,2,1
214821,130,526,0.033583500870656535,1,1135,4,2,1
484370,467,1283,0.1585249563668334,0,1448,5,0,0
263995,212,750,0.7970482765490569,1,1239,1,0,0
188306,391,1726,0.5627053441428544,0,345,9,2,1
589787,213,2298,0.26336992826759675,0,57,1,0,0
600284,285,1440,0.17172046251864748,1,708,6,0,0
181698,21,1018,0.0020422889942096623,0,580,6,2,1
467283,340,1031,0.5968356522428251,0,175,5,0,0
261491,87,254,0.9474173482359933,0,1337,8,2,1
439904,217,1035,0.6872789198569214,0,1140,2,0,0
830616,354,2199,0.29899738368146667,1,709,7,1,1
817756,110,91,0.9790337931772091,1,878,8,2,1
749311,479,335,0.9734896923616126,1,806,6,2,1
882370,449,457,0.2610016911373929,1,697,3,2,1
386554,125,1868,0.6675554478568475,0,886,8,1,1
26265,377,696,0.3437245981098792,1,1045,2,0,0
381188,147,721,0.7521082809628632,0,1038,3,2,1
555633,152,269,0.6369285699664323,1,765,8,0,0
769285,313,1240,0.8100907617774349,0,1126,8,0,0
43784,495,572,0.7211053675827178,1,672,3,0,0
104478,293,784,0.6796919564347126,0,1113,2,0,0
924343,485,1795,0.6853118688469925,1,1447,1,2,1
109687,318,2302,0.2989586802318205,0,1110,3,2,1
119414,23,1913,0.08237487912171526,1,1326,5,0,0
526971,294,136,0.3238056775427913,0,227,9,2,1
660730,104,185,0.38270230898342517,1,1387,3,2,1
548022,273,2854,0.12462726419017689,0,127,3,0,0
711349,357,1478,0.9726504252301463,0,543,4,1,1
971270,397,1233,0.9267110152275373,0,1146,7,2,1
891690,488,1743,0.1259772938583834,1,654,10,2,1
118279,194,178,0.572565186350672,1,1247,5,0,0
256108,249,148,0.7393309404625771,0,1092,5,0,1
722159,178,2659,0.05778711143753279,1,513,7,2,1
740243,372,2554,0.35037002803436,1,420,7,2,1
634074,349,1445,0.8230359817351189,0,627,5,0,0
414677,363,2190,0.10382907076918024,1,373,5,1,1
729685,356,321,0.5299980561143703,0,1024,5,2,1
227047,359,463,0.3203339692321794,1,936,3,1,1
199419,363,498,0.8762528240336027,0,1138,5,1,1
296978,256,2837,0.27282039229971133,1,1115,5,0,0
970799,248,2089,0.6818418798053048,1,53,6,0,0
288388,426,2179,0.2262743069392429,0,1255,7,1,1
263788,152,1986,0.12439203035027846,1,621,0,0,0
401712,241,1667,0.5099259008874185,0,484,1,0,0
152725,327,2120,0.44141876621821896,1,97,1,1,1
127308,384,1388,0.9970837307103843,1,1292,1,2,1
749157,38,835,0.8638623969027769,0,1465,7,1,1
664233,223,1544,0.19940252922959345,0,124,9,0,0
210897,88,74,0.6536537453412844,1,581,8,0,0
422106,392,2413,0.03723980719814746,0,295,0,1,1
729346,123,2099,0.6078723415702072,1,7,4,0,0
364433,448,2503,0.03304985414617989,1,464,10,1,1
669088,316,142,0.30966053710831054,0,1324,8,1,1
347758,321,1396,0.6351386712096738,1,597,0,0,0
21549,88,2918,0.9319668431655662,1,703,3,0,0
55284,408,1561,0.5110361901317134,1,236,3,1,1
10373,58,2252,0.4981945439423454,0,1301,3,1,1
510046,363,592,0.6625509350720669,1,801,5,2,1
86313,42,1202,0.7783489983664874,1,46,4,1,1
237689,162,618,0.6606328679322274,0,443,3,0,0
92318,169,112,0.33377380065004636,0,20,7,2,1
848704,213,1726,0.7361026801422369,0,1049,6,1,1
488398,338,647,0.48431180278071606,0,221,9,0,0
25994,156,671,0.3003757573217637,0,723,9,0,0
155219,149,798,0.5576051891681509,0,1193,5,0,0
390398,225,1084,0.26873961397152646,0,410,7,0,0
371970,189,1275,0.13503865976665053,0,1469,6,1,1
566026,363,1577,0.386977520030495,1,564,8,1,1
587548,26,78,0.7558064430872499,0,1201,4,2,1
19303,291,683,0.14782604583016845,1,617,5,1,1
663285,63,2233,0.68514070287728,0,392,7,1,1
908887,455,1514,0.09741656370606633,0,557,7,0,0
685757,137,1053,0.8031847343177453,0,549,10,0,0
485621,273,1025,0.8479868863477288,0,1057,5,0,0
750683,191,1680,0.1747480499755122,0,23,7,2,1
198123,270,979,0.011411155636989578,0,307,8,2,1
274997,431,1958,0.044064052347196125,1,778,3,1,1
7446,425,467,0.14004577198144175,0,535,2,2,1
120514,451,1390,0.3172019642106644,1,147,5,0,0
32691,448,1328,0.6408482051860681,0,1438,0,0,0
102547,230,2062,0.5980062454564339,1,69,2,2,1
961278,366,1485,0.0295422212924652,1,380,7,0,0
719273,334,2621,0.5511916517074738,0,1194,7,1,1
352859,320,1644,0.4556752259099728,0,1277,6,1,1
285784,300,2693,0.9239335465344809,0,1163,2,0,0
985649,52,939,0.985831197404404,0,808,8,0,0
966109,39,1755,0.9862422602679076,0,491,3,2,1
951805,357,2085,0.8165326875707586,1,1055,10,2,1
201587,469,269,0.8089439546433354,0,1241,2,1,1
829467,314,2265,0.6706979025296143,1,321,5,2,1
736628,28,2546,0.5182858982494654,0,968,4,2,1
985849,170,780,0.4790834401127966,0,1275,9,1,1
940494,406,293,0.9791523756643883,0,830,7,0,0
371464,348,1612,0.4672383150873941,1,246,5,0,0
535652,242,2820,0.6850373300493775,1,1004,4,2,1
777953,450,2273,0.3550371051528558,0,609,3,1,1
158744,54,162,0.7901429801961446,1,1153,7,2,1
912134,42,1674,0.7022005366243065,0,721,9,2,1
176646,263,2502,0.3560308007464049,1,265,2,0,0
735323,100,2207,0.5156465716006765,0,878,0,2,1
653486,30,990,0.23301093664447925,0,471,6,0,0
862176,125,714,0.012693088152029297,1,1311,2,2,1
952177,208,469,0.3504806992036297,0,1010,1,2,1
929778,368,247,0.7386558725933706,0,515,4,2,1
321167,476,2706,0.9585597835739104,1,1466,4,2,1
908502,145,1052,0.03048951554594792,0,239,1,2,1
691085,59,966,0.6660717520507019,0,1237,1,2,1
243795,78,1119,0.961720886446741,1,699,9,1,1
458716,64,1559,0.08604045211256939,0,57,2,1,1
741011,341,149,0.9134866017839636,0,17,2,1,1
961048,337,698,0.01678624460828948,0,1235,2,0,0
917531,285,1309,0.26242495208399996,1,853,10,1,1
190368,109,2748,0.4350303836593127,1,1451,5,1,1
893501,445,824,0.17858567704086092,0,1424,9,1,1
419808,404,1014,0.8227712936625114,0,421,0,0,0
125440,355,2879,0.42125446293785285,1,105,3,0,0
429834,389,1721,0.9672921773513365,0,655,2,0,0
645247,247,1141,0.08137794903468631,1,25,5,1,1
953133,186,986,0.46706399109444385,0,188,2,2,1
846612,172,1514,0.4123984404717991,0,528,5,1,1
561538,266,2900,0.050210533257057044,1,1141,0,0,0
879870,272,1172,0.4122260940546788,0,685,9,1,1
711308,391,772,0.9611626786226353,0,48,7,2,1
830841,288,2562,0.6600774332083683,1,1075,3,0,0
793032,112,775,0.8919565116133811,1,24,2,2,1
892719,277,798,0.46165784757281025,1,828,5,0,0
24821,293,2340,0.9892070782999858,0,130,10,1,1
246885,159,2006,0.6818129819037384,1,86,10,0,0
335927,27,1454,0.6112233544303115,0,598,3,1,1
299232,186,2840,0.659832525121504,0,1350,5,1,1
381139,111,1634,0.90550031058497,0,430,8,2,1
458056,343,199,0.12267311709439555,1,796,8,0,0
194189,342,922,0.1910057764901001,0,632,6,1,1
27919,73,1443,0.15479983964967492,1,1331,3,2,1
887794,263,882,0.33191888471719033,1,1397,8,2,1
523907,314,1400,0.3415461433018766,0,725,4,1,1
144626,379,1400,0.27354067146594463,1,150,2,1,1
211233,449,2052,0.4215099455528426,0,1177,1,0,0
661427,33,624,0.400032920066724,1,564,5,1,1
513780,406,1304,0.6976405156022857,0,879,7,0,0
339175,389,1389,0.290828708001607,1,1094,9,0,0
510047,367,2992,0.4225697093298507,0,84,7,1,1
198763,251,252,0.18891066363282483,1,374,5,0,0
677712,243,1919,0.703435477751564,1,1466,0,1,1
677648,410,1445,0.8662713762897402,1,1193,3,2,1
406425,128,2522,0.4213432154850677,1,561,10,1,1
180458,248,2687,0.6943047039423397,1,418,6,2,1
580550,74,1682,0.5738795712043764,1,744,5,1,1
502355,317,1824,0.5942329823828959,0,105,6,2,1
70534,428,1618,0.2051016360821627,1,91,9,2,1
924677,203,407,0.814818176463911,0,669,6,1,1
56599,427,2577,0.9215538778699963,0,1012,4,1,1
612520,385,1302,0.07701051576307882,1,431,4,1,1
987110,394,1645,0.9340737500419876,0,600,10,0,0
214010,61,1561,0.034007592818681376,0,916,3,1,1
178317,162,1315,0.706189860679167,1,342,6,1,1
776307,318,2727,0.08747061529582711,1,916,3,0,0
566398,81,882,0.28227713678635435,1,238,5,2,1
910112,147,2573,0.7965029713161114,1,1384,5,1,1
883161,364,1705,0.7361777540645614,1,771,1,0,0
184614,241,101,0.22383672300647983,0,981,9,1,1
517893,26,2368,0.7739294034955564,1,1102,6,0,0
580969,40,2951,0.8707416621514404,0,412,5,0,0
313024,395,1750,0.3767876295963871,0,259,3,0,0
944255,144,1121,0.7282397313595175,0,201,1,0,0
840665,144,1968,0.1636507175775923,1,1312,3,0,0
52216,247,2622,0.3871581352607135,1,613,0,2,1
401507,276,1964,0.7480087643658135,0,725,8,1,1
70850,87,1402,0.41930437542575494,1,898,6,1,1
492215,373,747,0.9369079907807462,0,891,3,2,1
286013,235,2270,0.9075225192772393,1,1277,5,2,1
41791,388,121,0.49488191881265,0,455,2,2,1
350057,303,2901,0.045840576089519414,0,797,8,2,1
192500,223,2467,0.9393895718557304,1,319,9,2,1
900105,404,2535,0.5326177383071725,0,1314,5,0,0
741922,112,2612,0.7816595589254235,1,570,6,0,0
907265,71,1543,0.9018415553923931,0,1254,7,2,1
616361,475,2219,0.8903540184200772,1,1291,2,0,0
710864,206,809,0.9572185606428605,0,407,3,2,1
458472,159,1129,0.9058932702602083,0,1448,10,1,1
720448,127,1754,0.6971341244401917,1,1122,0,0,0
460220,29,1139,0.22692295045941657,0,1403,5,2,1
743562,146,56,0.6636513532781345,0,185,9,2,1
962158,273,2888,0.3567995758093111,1,1244,2,0,0
576282,389,2129,0.46413415739725117,1,912,10,1,1
792563,489,1268,0.7748454108249229,1,389,5,1,1
351895,331,1022,0.5533519730878426,1,1050,0,0,0
19923,311,852,0.4237955559798082,1,1460,10,0,0
954876,69,157,0.24115238723164478,0,776,0,0,0
101946,261,1752,0.17413214401812838,0,1003,6,1,1
999581,241,366,0.5567137240742268,1,410,1,1,1
680980,159,581,0.9410605262593394,1,594,1,0,0
819984,286,1818,0.8395961951970532,0,1215,0,2,1
89022,332,1413,0.824348829787447,1,397,10,1,1
6762,192,797,0.9012127169120335,0,1402,10,0,0
941667,322,2323,0.35133967785596665,1,1496,0,1,1
924048,74,1669,0.6144176073238728,0,1473,6,2,1
130070,142,2580,0.9852382991096228,0,1107,7,1,1
86230,49,1183,0.7579250426472932,0,1431,5,0,0
719123,446,1271,0.8399775493678031,1,257,5,1,1
593403,241,440,0.9476383777379513,0,1440,3,1,1
991679,358,1766,0.33473774454769467,1,994,1,0,0
268371,317,2127,0.22157839501280152,1,896,2,2,1
549971,30,793,0.6434425117611389,0,879,6,0,0
512330,345,721,0.6132105368295453,1,1359,6,1,1
881237,75,2944,0.9112501025473596,1,915,1,1,1
135537,106,104,0.04113908813903144,1,774,6,2,1
207253,354,1827,0.5301436332629047,0,1305,9,2,1
180924,394,1982,0.6899924692126401,1,144,6,1,1
665795,300,520,0.46763346634817105,0,1467,0,1,1
744703,451,2164,0.7423012732856623,0,693,8,2,1
688803,405,61,0.5111388751810578,1,1223,6,0,0
637027,132,624,0.7455908765571823,1,589,6,0,0
497548,205,2611,0.15931627904710643,0,1041,9,0,0
452410,115,2583,0.4752949694439773,0,1392,9,2,1
985889,63,243,0.40580392897158346,1,1082,7,0,0
934972,437,1503,0.6908276019678099,1,1089,4,2,1
80456,369,552,0.2677740861598926,0,994,6,1,1
688161,23,455,0.5503814262669978,1,473,0,0,0
835836,32,1290,0.809309128933341,1,27,8,1,1
620387,393,2917,0.5797560257772059,1,784,7,2,1
21642,251,368,0.8034268966750288,0,1183,7,1,1
277690,367,1939,0.42277965499812487,1,1410,9,2,1
502006,192,1405,0.13932184733001174,0,40,7,0,0
433562,23,2138,0.18232364630140485,1,1043,3,1,1
969497,365,82,0.7070594359955966,1,1025,9,1,1
877014,270,1067,0.26858792244693397,1,797,6,1,1
97084,106,644,0.5299543152519568,1,635,1,2,1
988234,184,2707,0.5711736612486932,0,421,9,0,0
571202,284,2628,0.40867080891474483,0,1387,9,2,1
146131,180,2053,0.21859803430259273,0,274,3,2,1
477962,281,2711,0.9545769923398564,0,1281,4,0,0
463290,257,2530,0.918691956818283,0,1170,2,2,1
382075,255,1693,0.7449475477347873,1,297,1,1,1
490914,488,1856,0.5547016432154225,0,828,7,2,1
908165,467,2606,0.555383380240743,0,907,0,0,0
346164,47,2203,0.1702020198545351,0,1143,0,1,1
228345,365,1077,0.5983586369330297,0,127,1,0,0
469706,438,2542,0.6214309474386563,0,1211,5,0,0
868770,60,1120,0.7948266347241929,1,951,8,0,0
581499,373,1000,0.5700528109202049,0,489,10,0,0
383630,219,2586,0.3103763771434128,1,1290,2,0,0
50780,256,514,0.3216582803724284,1,1234,3,2,1
396002,43,2141,0.8712360444165966,1,12,7,0,0
884851,348,2018,0.48615748258703984,0,1127,7,0,0
360694,307,1284,0.4468859908642895,0,1184,8,1,1
415852,412,2493,0.7121556538345373,0,237,7,0,0
132723,66,1639,0.8553479983874317,1,861,4,2,1
960934,318,2671,0.628845398728585,0,97,1,1,1
159822,45,2544,0.09053205125476982,1,648,2,2,1
673854,87,2090,0.7475909053336046,1,168,8,0,0
994578,392,529,0.12017124994908912,1,615,8,2,1
906469,125,2836,0.10740418832404741,0,967,2,2,1
325385,339,2410,0.6899419056266904,1,775,2,1,1
966015,453,2671,0.3508015180170557,0,930,3,1,1
233098,375,525,0.8075340797438509,0,104,1,0,0
962607,165,2159,0.6120356112895712,0,375,9,2,1
211108,413,1737,0.2797455911637261,0,207,4,0,0
631107,78,1911,0.5234727934389782,0,812,10,1,1
446150,28,1207,0.5726038626653833,0,1068,8,2,1
863173,55,1590,0.630325330409787,0,1119,5,1,1
681176,106,729,0.016683560068210923,1,966,1,0,0
246152,32,2968,0.6845122784535611,0,1347,6,1,1
925501,311,494,0.37174321778843833,0,1001,10,1,1
122667,235,1897,0.29629988682565866,1,1063,1,1,1
14436,21,147,0.07662954177663528,1,1356,8,2,1
6878,440,1956,0.4294686402973795,0,449,9,0,0
34439,216,2543,0.25287378729542676,1,317,6,1,1
394848,238,1377,0.21132274934511686,1,1116,9,1,1
264227,192,1859,0.5387774390504878,0,718,7,2,1
901459,160,2944,0.528483339506513,1,1355,1,2,1
665232,494,2196,0.5747368127271681,1,1019,5,2,1
49127,256,2249,0.2419823656759792,0,743,6,2,1
61079,487,2919,0.26989283233524597,1,571,4,2,1
894853,248,2481,0.560981754226764,0,584,5,2,1
717307,69,1433,0.30261984148333754,0,313,3,1,1
914480,128,1241,0.8017085411726632,0,864,1,2,1
675656,32,2473,0.18040683154300008,0,315,7,2,1
539289,344,2662,0.7566264610748107,0,538,1,2,1
981475,410,700,0.8080055750833013,0,345,4,2,1
924224,42,785,0.48626471153828466,0,276,1,1,1
922222,275,1664,0.781107860485653,1,373,8,1,1
165335,230,668,0.7344373243072682,1,774,9,1,1
374433,71,1854,0.3265597486253087,1,840,7,2,1
47594,317,2491,0.07232008117947997,0,194,10,1,1
524793,360,521,0.1840212320274649,0,474,1,1,1
648968,132,1000,0.9773428860354398,0,620,3,2,1
984490,138,2011,0.6511817327986469,1,588,3,0,0
303516,221,1199,0.25036150957335934,0,806,1,1,1
370466,437,2662,0.7029853485346746,0,980,7,2,1
75317,374,616,0.7414026364987014,0,849,0,1,1
370135,102,2567,0.6758140336142169,1,36,9,1,1
974367,285,293,0.6413430031379818,0,266,0,1,1
960467,359,157,0.5983868719455516,0,1280,5,1,1
670882,209,2218,0.781652833190641,0,767,5,2,1
664798,185,1077,0.6933841882001222,1,309,6,0,0
611703,71,2188,0.25660787493761084,1,550,6,0,0
548824,394,643,0.4756090118645486,0,1156,3,0,0
184974,278,853,0.9548410289268504,0,421,5,1,1
343951,64,422,0.8907376044937978,1,683,8,0,0
790637,334,2055,0.6253218489518125,0,488,1,0,0
250817,154,349,0.7917349540550283,1,1230,0,0,0
680000,249,843,0.34755392510703265,1,712,0,0,0
336354,488,743,0.09276491633390138,0,1107,10,0,0
923679,269,1492,0.754058518789631,1,1156,6,2,1
635725,155,538,0.7270884953325512,1,868,10,2,1
316406,183,1157,0.4610047072977005,1,943,6,0,0
4264,424,886,0.644686025041285,1,437,1,2,1
258027,304,121,0.4262816728220282,0,1379,6,2,1
99452,62,1459,0.022193029157223765,0,524,3,1,1
451414,363,2833,0.04638579209596394,1,914,2,2,1
149069,399,1148,0.1373076748788219,1,991,0,1,1
870973,176,951,0.6823812627419118,0,1272,5,0,0
540925,246,2368,0.9031996554699251,0,994,0,0,0
998338,198,2988,0.3274645736971983,1,1028,4,1,1
68505,249,157,0.7504074031230833,0,643,9,1,1
293509,491,340,0.1746764686282365,0,1237,2,0,0
400411,485,255,0.4156477400450763,0,140,2,1,1
617210,162,1647,0.42520012215378533,1,1293,2,0,0
739118,387,2748,0.7561841778984798,0,1194,6,1,1
819879,43,1825,0.18062293590323475,0,485,10,1,1
709152,497,1922,0.8245479288034429,0,115,4,0,0
286821,192,2676,0.8334694469701835,1,171,3,2,1
411483,95,2524,0.9536369970478445,1,1112,0,0,0
86920,480,1918,0.5700329317324518,1,417,0,2,1
577721,289,2073,0.12545238979008766,0,337,2,1,1
408269,140,2893,0.6768524997907727,1,987,6,0,0
904465,246,1475,0.2875554348919286,1,1301,10,1,1
959597,340,249,0.7662105720425099,1,1405,1,1,1
769124,187,173,0.6868676526956633,0,1165,7,1,1
877670,340,897,0.10176896958809523,0,974,1,0,0
168662,25,809,0.265807275043519,1,1112,3,2,1
249159,39,2258,0.08904830895383231,0,1456,0,0,0
530450,428,448,0.3778134398242936,0,979,2,1,1
717177,240,970,0.9407773016222943,1,434,5,2,1
714302,471,2027,0.037201848947770455,1,1211,1,2,1
88916,358,407,0.4893163885709265,1,220,0,2,1
66356,326,391,0.3846562649168954,1,51,9,0,0
635112,168,1658,0.8541990596327407,1,1297,6,0,0
387061,449,304,0.3285892362859313,1,1104,9,2,1
931452,128,2745,0.3097406285108517,0,1043,9,2,1
739339,381,140,0.8255831109326922,0,259,2,0,1
132122,105,70,0.8580270003270581,1,1282,7,1,1
695061,35,1142,0.6504644491701215,1,496,1,1,1
347657,417,379,0.9422731633960514,0,1306,10,2,1
344387,249,2074,0.7768564505741912,1,1126,1,1,1
625755,265,1135,0.1475452166251594,1,42,9,0,0
461951,284,1281,0.11986448963002683,1,663,1,2,1
103315,147,2571,0.052258734249242655,0,589,5,1,1
768685,421,2477,0.9282255751048787,1,1438,1,2,1
735407,217,339,0.12344870583370937,0,180,1,2,1
379445,74,1485,0.14805474823542297,1,717,10,1,1
905066,284,378,0.2250420882967461,0,10,6,1,1
2592,297,2181,0.308682116534001,1,1332,5,1,1
717340,79,1201,0.7976633756180272,1,694,6,2,1
947672,386,720,0.530876341181746,0,1281,10,2,1
432172,369,670,0.5093941547880155,1,1094,5,2,1
912548,274,994,0.24802030063986247,0,343,1,2,1
950578,469,1558,0.2562016696299624,1,1009,8,1,1
986769,122,835,0.5250588500044429,0,1433,8,2,1
607655,266,649,0.29652015428834344,1,1115,8,0,0
879886,370,1261,0.4313785198127399,0,1241,0,2,1
188404,30,1569,0.23975330747381485,0,950,5,1,1
640891,447,2643,0.13285477021330983,0,444,4,2,1
627722,40,623,0.757208995535317,0,1276,0,0,0
777863,342,1135,0.8231342835809299,0,192,8,2,1
342201,386,1408,0.3065090548653451,1,1284,5,1,1
22651,205,1742,0.2770886102623874,0,1305,8,2,1
151821,430,615,0.7916315021231379,1,1400,8,1,1
402421,480,2282,0.33950732950845086,1,205,4,1,1
980133,394,1847,0.4619850627145463,0,844,7,1,1
854687,213,621,0.8979421511374178,1,1093,3,2,1
38199,37,2268,0.6464465780707636,0,564,1,2,1
347339,398,2078,0.9287448057144359,0,1097,9,2,1
50829,63,2469,0.7965306872159397,1,4,9,1,1
42006,243,2828,0.6786413567261644,1,443,3,0,0
80739,44,612,0.7381631557380869,1,546,1,1,1
274683,32,255,0.08317782636352955,1,439,0,0,0
366930,426,1061,0.650788010810402,0,1442,3,2,1
371967,118,1854,0.9707119391310836,0,67,7,0,0
657949,449,2123,0.026528748486261966,0,1284,3,1,1
587278,421,1903,0.8586490878842882,1,14,8,1,1
904012,355,1037,0.06444771527019866,1,1417,4,1,1
504136,122,462,0.3382040060937008,1,1093,2,0,0
914347,276,986,0.2777519125374103,0,580,10,0,0
829943,267,864,0.643160563778097,0,834,4,2,1
846524,249,2766,0.3529016896036893,0,1211,2,1,1
801845,137,947,0.2914857240733505,0,1419,9,0,0
336223,453,2593,0.8929832715745639,1,133,2,2,1
142424,77,723,0.27370768882900787,1,645,0,0,0
918375,71,1904,0.4049959492409523,0,153,2,0,0
530532,149,1401,0.9213905649362077,0,640,9,0,0
245296,139,2169,0.10075131419507144,1,255,2,2,1
53363,164,412,0.9028804478918099,0,554,4,0,0
922876,495,1246,0.02291200572197627,0,1410,10,0,0
449005,207,2512,0.12583556315161315,0,830,8,1,1
704706,310,2978,0.7631008290267711,1,151,2,0,0
505848,158,2666,0.760769742555737,0,1169,2,2,1
847876,354,2191,0.3367113857248517,0,1161,10,0,0
540432,92,2999,0.9332773847094733,0,718,7,0,0
886299,471,2357,0.03741505413705504,1,27,1,0,0
912189,116,555,0.1720694793215959,1,84,0,1,1
753464,33,2266,0.01993044259093013,1,251,8,2,1
846126,474,1482,0.9923326817296005,0,211,3,0,0
31516,231,1806,0.7893624607784856,0,1248,1,0,0
62971,455,2499,0.3180538016782586,0,453,7,2,1
876291,371,1351,0.5940065278090014,0,1352,6,2,1
724808,263,758,0.08311080723324737,0,1210,10,2,1
970899,419,2146,0.5388915539018405,0,226,8,0,0
246539,404,2287,0.06264624205006097,0,698,4,2,1
932194,172,573,0.7615098448812497,1,126,7,1,1
222042,61,1274,0.42752827972927754,0,1033,6,2,1
154266,127,2526,0.01737738748192441,0,932,0,2,1
446297,336,1548,0.1970067610631876,1,677,1,2,1
775891,378,191,0.9087479666697078,1,1138,7,1,1
121677,148,2726,0.12116960170415914,1,888,3,2,1
391832,425,2076,0.1997916750267955,0,483,5,2,1
770211,122,534,0.36888956137770323,1,814,7,0,0
423048,87,348,0.4806769099579886,0,979,0,2,1
857348,207,461,0.008727404298680796,0,1103,5,1,1
177380,60,2293,0.7469137309281831,1,1385,9,0,0
859420,160,2945,0.6354997291191112,1,1401,8,2,1
819108,388,2034,0.817106108781662,0,616,9,2,1
678182,23,1550,0.9067732812452797,0,1349,2,0,0
259373,336,2519,0.5718821030992938,1,116,9,1,1
922366,466,1031,0.6100985290282247,0,1239,1,0,0
175542,109,2157,0.9785110242869722,0,509,0,0,0
516419,83,53,0.8424013569038403,0,324,3,0,1
563020,248,205,0.18227985453171025,0,607,5,2,1
285978,270,2886,0.4989661250957038,1,405,3,0,0
460605,51,1809,0.37729840144788285,0,46,3,0,0
391042,160,2501,0.24429556583778167,0,1371,4,2,1
313478,23,1688,0.007647499038764827,0,204,0,0,0
506372,164,1516,0.8769910256628578,0,574,0,0,0
561980,378,1774,0.0655556849979615,0,989,3,2,1
755425,93,1902,0.1575641124243008,1,494,1,0,0
223834,478,2810,0.7533785921051162,1,839,1,0,0
818506,473,701,0.08699465115700011,1,1076,1,0,0
814510,238,1657,0.3276121582774263,1,370,10,2,1
612163,303,904,0.25412962558800745,0,325,4,0,0
9031,466,1810,0.7148576148481327,0,91,1,2,1
675890,67,1093,0.5899690437144175,1,929,3,2,1
341668,75,1991,0.26814782350850663,1,187,1,0,0
300456,144,2939,0.15669780564956026,0,815,1,1,1
922886,461,943,0.17031884187425073,0,1356,3,1,1
410538,440,285,0.7159633120164555,1,480,2,1,1
154490,21,2124,0.729616785904064,0,874,7,0,0
512682,196,1528,0.2727023092919997,1,108,4,1,1
286345,184,2216,0.604384775322576,1,1449,10,2,1
517034,458,879,0.690368356743669,1,833,7,2,1
243227,386,1094,0.10686129483825191,0,1303,2,1,1
271268,75,2421,0.5953210765766607,1,1362,9,0,0
999000,464,392,0.615489087239293,1,1331,10,0,0
593204,292,1209,0.18978916035336135,1,203,9,2,1
963248,198,2216,0.18437543161510161,1,1074,9,1,1
594132,298,2326,0.5601422160690122,0,790,5,2,1
494949,483,2243,0.21359667701146945,1,16,9,1,1
698475,171,505,0.5686933342565144,1,919,8,0,0
135917,485,153,0.4047897635667118,1,1241,6,1,1
448191,456,241,0.8491595290659747,0,45,2,1,1
185905,82,1979,0.31197329112659855,0,529,3,2,1
550171,96,1534,0.5254614541998558,1,829,0,1,1
675485,49,2085,0.1620026234029326,1,790,7,0,0
628953,324,1704,0.8301879209036589,1,561,7,1,1
93689,145,2795,0.10833877451688712,1,918,0,1,1
361874,33,994,0.5914671800206709,1,353,8,1,1
867793,145,2285,0.9233903969800827,0,814,4,0,0
4296,157,764,0.0028114962103454877,0,1494,7,1,1
844339,421,2852,0.8068896811539533,1,879,3,0,0
123711,70,2331,0.3177899760546976,0,1195,8,2,1
96468,149,636,0.940442801866519,0,1192,8,2,1
184076,415,1709,0.06340850794845843,0,185,1,1,1
328261,264,1748,0.3396204047921201,1,615,2,1,1
768113,113,1203,0.6288147162195088,0,819,4,2,1
898117,430,558,0.7367380551484376,1,697,5,1,1
780304,99,2924,0.4289739253303271,0,300,4,1,1
588845,224,1268,0.7092626289578811,0,296,8,0,0
140013,491,1550,0.07136226611624552,1,322,9,2,1
564625,280,2335,0.44667235843149555,1,1206,4,1,1
425595,226,1346,0.8523972737973203,1,1215,6,0,0
497360,321,1609,0.18452004081630302,0,147,2,1,1
410412,123,2833,0.459172217247803,0,1463,9,1,1
161094,227,2348,0.7465859928767568,1,51,6,0,0
424233,457,1258,0.7506391954859254,1,386,7,1,1
199921,467,462,0.11205736985860903,0,1490,4,0,0
148342,320,916,0.8340199484532388,0,373,7,0,0
112703,225,255,0.7840211689991304,0,335,1,1,1
489334,193,2850,0.19933732365575096,1,702,5,1,1
248026,202,842,0.7989211521101962,0,58,8,2,1
9044,284,139,0.9361537198697166,0,1374,2,0,1
827691,173,967,0.615299687169799,1,1210,0,2,1
854146,45,2252,0.2022125803912359,1,1275,3,2,1
443028,105,1939,0.25813472220111056,1,1303,7,1,1
992299,31,2471,0.21543434119313065,0,1007,2,1,1
152728,67,2267,0.5750216212211444,1,1456,1,1,1
491612,383,1082,0.4429869127965753,0,866,10,2,1
137870,148,992,0.10097280628583016,1,573,6,1,1
343131,89,333,0.5091450108677263,0,176,3,2,1
379911,486,1681,0.37352612374982697,1,725,7,2,1
389447,176,2310,0.7087892633466522,1,700,0,1,1
862704,426,1364,0.5679149407342055,1,428,2,1,1
910686,270,65,0.7599721910529248,1,1139,2,0,1
445887,477,1386,0.5318758082369878,0,704,6,1,1
114584,24,2021,0.9204776353234138,0,150,9,0,0
702447,260,1054,0.3492859846325196,1,195,4,1,1
457524,49,233,0.7788742889508888,1,1292,1,2,1
448648,479,847,0.826690056887104,0,778,6,0,0
103422,143,2973,0.43284697946793715,0,57,6,1,1
621784,414,1728,0.08946644993386443,1,809,9,2,1
989295,456,1740,0.6834178241300072,0,1371,1,0,0
843550,345,898,0.08094899328545802,1,572,8,1,1
950725,306,1816,0.7345235063533421,1,200,9,1,1
649007,173,1995,0.32301105472092795,0,1224,4,1,1
981693,51,1731,0.4315513580579686,1,485,6,0,0
120642,213,1922,0.2397183263293987,0,256,10,1,1
204744,315,87,0.33294517974957527,0,918,7,0,0
683700,402,2395,0.4032816936749499,0,281,2,2,1
287958,71,145,0.042435192543973765,1,1009,10,1,1
865108,54,2542,0.8975879658136894,1,767,6,2,1
839990,385,1125,0.7925484617650858,1,776,10,0,0
775378,178,458,0.32916833094273656,1,756,5,1,1
678368,154,2036,0.6541408975169345,0,718,7,1,1
81545,217,1743,0.6594263017333084,0,1433,6,1,1
114955,475,1790,0.5589038765770343,0,122,6,1,1
818670,121,1969,0.6011006428442188,1,1022,6,0,0
278988,434,758,0.15269242063899258,1,1087,3,0,0
129054,319,2093,0.3071771665542852,1,1083,3,0,0
399456,289,1501,0.2584495786631712,1,1470,6,0,0
718447,177,2478,0.16889737442632857,0,1077,2,1,1
591703,272,1077,0.020434275551368564,0,286,8,1,1
483838,105,774,0.5111718598310736,0,1166,3,1,1
451009,388,492,0.25900244347020884,1,984,1,0,0
989866,281,1959,0.15704917033729615,0,1479,9,0,0
445665,391,1327,0.47855312875170175,0,802,10,1,1
728866,220,236,0.4815756623129257,0,614,0,0,0
334867,174,2729,0.562986558976555,0,1155,5,0,0
966643,261,648,0.6714057249394998,0,650,0,2,1
431474,38,2337,0.8928397427270731,1,378,9,0,0
449412,463,342,0.522862891805274,0,1328,6,1,1
118966,128,1821,0.18305154758944098,0,811,2,0,0
252640,463,1761,0.8068289251398839,0,1467,1,0,0
522402,149,2576,0.40793452770563454,1,1441,10,0,0
61439,89,695,0.5926548061752988,1,534,6,2,1
857661,78,1816,0.9288045386985274,1,80,0,1,1
619294,49,915,0.831492939864403,0,1059,6,0,0
205073,142,2489,0.802966426806129,0,652,10,2,1
437941,494,1226,0.7429316317950023,1,1302,5,1,1
289322,58,933,0.38352783556035097,0,268,8,0,0
631272,75,2707,0.8818368062091105,0,989,7,2,1
429361,223,1864,0.053819931311538616,1,1195,4,1,1
956145,407,1635,0.7983813228561002,0,1387,0,1,1
478727,232,2499,0.4865234872438622,1,916,9,1,1
880701,182,2658,0.23113275258483879,0,1386,5,2,1
101310,25,2904,0.10714010366439164,1,1407,4,0,0
475082,455,1567,0.007538745499189536,0,281,10,1,1
397192,117,2767,0.40394481220400236,1,186,2,0,0
111503,442,2424,0.24527119700171285,1,1170,2,2,1
318135,117,1198,0.397774373252065,0,484,7,1,1
811756,486,2167,0.5198851059842329,1,609,0,0,0
866462,181,1723,0.6699143018470672,1,891,7,0,0
454542,131,2180,0.4665739506133867,0,1193,7,0,0
428997,206,1483,0.426444968245112,0,550,7,0,0
637056,26,787,0.12647766008540784,1,1132,5,2,1
574372,265,2621,0.6180390115211531,0,1499,4,2,1
537421,318,1415,0.9286795093699612,0,132,7,2,1
174072,411,1245,0.33191267063457,1,796,3,1,1
647105,120,2311,0.23268986489211074,0,841,4,1,1
667189,386,1415,0.41048149072210094,0,177,1,2,1
975686,266,1050,0.6706857357245049,0,200,7,1,1
776553,407,1221,0.1080249284271162,0,1482,0,0,0
458997,198,922,0.1458834512410312,1,1226,7,2,1
393143,385,589,0.5560947469627837,1,70,7,1,1
50872,454,1542,0.30000868175133255,0,1392,10,0,0
787917,366,197,0.3364316678117767,1,277,10,0,0
812062,365,257,0.5303470442961623,0,781,0,1,1
4045,236,978,0.48580208496500754,1,843,5,2,1
645345,395,2904,0.4592339189414184,1,981,1,2,1
154564,457,1506,0.22064438529339037,1,1228,9,0,0
142212,266,510,0.7364720140536972,0,196,5,1,1
375030,115,1302,0.9421934898192666,0,119,2,1,1
781699,373,747,0.8955831377594368,1,379,5,1,1
440595,424,2059,0.10618677193319082,0,490,10,2,1
810379,337,2705,0.6271980016730921,0,8,1,2,1
806262,127,172,0.31084696101557363,0,1289,4,0,0
31674,343,2006,0.18212806456119002,0,739,1,2,1
16120,376,2727,0.5393463148533084,0,850,7,1,1
243873,420,1265,0.6707340546269152,1,183,7,0,0
27790,262,1166,0.0840041420343538,1,236,2,1,1
843088,108,1936,0.9779224136588965,1,87,1,1,1
778490,327,1583,0.6138700298417933,0,482,10,1,1
321413,194,877,0.03742088929279419,1,1006,6,1,1
219678,85,538,0.580905036646356,0,1298,1,2,1
801780,135,1887,0.7324284168541001,1,1487,7,2,1
645410,399,1129,0.777653456107263,0,549,6,2,1
271334,318,2319,0.7781924797241621,1,1155,9,0,0
844386,320,2673,0.2588404430762259,1,1493,7,2,1
746484,219,2546,0.0756469498298199,1,98,1,0,0
143207,466,768,0.9735602071819809,0,619,0,0,0
68371,354,409,0.23835677811546074,0,631,0,1,1
422506,194,1918,0.2234965834242335,1,1170,10,2,1
836203,155,2457,0.3524818945030844,1,1395,4,2,1
41134,246,2825,0.885870495638012,0,574,5,2,1
209527,124,512,0.7617828188205804,1,1437,1,0,0
502008,212,2425,0.22878685421720368,0,280,5,0,0
625879,484,499,0.37059869212544116,1,1449,6,0,0
39950,471,566,0.9552848431143847,0,1116,8,0,0
583882,297,2028,0.43667183687059274,0,706,6,2,1
663268,460,496,0.4615911109391698,0,1456,5,1,1
461966,450,99,0.10956909235149637,1,342,3,2,1
527677,125,76,0.09498062784842076,1,1194,8,0,0
912894,366,2680,0.3496732963844573,1,535,7,0,0
157700,129,2126,0.34154302969628136,1,1307,0,1,1
658520,388,590,0.37661272748012675,0,513,3,1,1
106322,354,2163,0.3948824953689398,0,224,3,0,0
765730,357,170,0.12480704136409582,0,1241,9,1,1
920521,424,1336,0.26339933459883946,0,935,5,0,0
212071,378,2304,0.44832333530532753,0,337,0,0,0
290658,224,315,0.31707062368965144,1,1289,4,0,0
954384,20,1046,0.21809387696200688,0,1118,2,0,0
302015,418,2348,0.9859658873596896,0,1252,9,1,1
234052,189,769,0.2121161776190219,1,815,3,0,0
639351,244,2550,0.7757749990517318,1,622,9,0,0
476001,361,705,0.937626270241519,1,967,4,1,1
187640,308,1379,0.004358330725681481,1,715,0,2,1
945672,63,1607,0.2793987828539858,0,574,6,1,1
814307,342,791,0.3763896408066617,1,105,8,1,1
636999,200,1095,0.29414448507558955,1,844,6,1,1
855485,384,2968,0.5173081248455382,0,620,5,2,1
581754,66,2881,0.8586473175900117,1,205,2,0,0
45121,80,989,0.2552222799973093,1,41,8,0,0
952082,322,619,0.809194201455414,0,239,10,1,1
265892,395,857,0.7069174888079817,0,90,7,1,1
564960,333,1855,0.0910486888609019,1,143,1,0,0
522906,493,79,0.5906780922567274,0,475,3,0,0
9272,482,1664,0.33985187967928776,0,1406,7,0,0
570020,445,596,0.30732581343744414,1,73,0,1,1
288015,437,2648,0.3156968288798562,0,1012,0,2,1
76914,264,854,0.1345069402462059,1,315,7,2,1
290288,244,1657,0.26490413005764235,1,406,2,1,1
720555,22,1555,0.5803549063733267,0,1285,6,2,1
217694,376,2464,0.1615929524531764,0,992,2,0,0
65539,78,176,0.3859193680702502,1,369,3,1,1
110451,425,2864,0.3141249637113406,0,994,5,2,1
299345,499,1815,0.2458288629302383,0,1415,5,0,0
772425,284,2527,0.7944409349182864,1,267,1,0,0
539888,45,2316,0.5988637491579989,1,186,6,2,1
911456,407,348,0.34524941796805564,1,366,10,1,1
817798,451,2870,0.44198369014933114,1,1302,6,1,1
495914,455,840,0.7628110927154998,0,1456,6,0,0
793990,292,1208,0.8604139785409036,1,773,3,0,0
105180,249,478,0.4359621279943381,0,136,2,1,1
532387,481,1845,0.03072069072488648,0,1167,7,1,1
171278,457,2447,0.8712773236258134,1,1199,5,0,0
66765,218,1794,0.2250558422001252,0,472,1,0,0
294098,136,687,0.2451368707598155,1,861,7,1,1
227570,320,87,0.7630186875029746,0,511,4,1,1
754864,270,1841,0.32895453475017145,0,372,9,2,1
763732,428,318,0.04023823338686705,1,448,0,0,0
574577,35,1407,0.6178435631042641,0,1029,7,2,1
865677,113,1296,0.7019752943043066,0,18,5,0,0
386129,132,908,0.8658109662398046,1,1194,9,2,1
799415,412,1848,0.08009100803334845,1,398,5,1,1
303712,345,2922,0.04731355520407188,1,830,2,1,1
509386,493,696,0.7976182314540902,1,454,8,1,1
632050,102,1413,0.8677180652459964,0,529,7,1,1
49871,136,2815,0.405768094019626,1,1145,1,1,1
394598,186,974,0.4310113626443466,0,626,6,2,1
655731,224,975,0.6829788062691027,1,540,8,0,0
407390,117,2586,0.5363978201254116,1,1373,2,1,1
597919,362,879,0.41888665375070977,0,1158,1,2,1
783489,261,2960,0.21200248385638376,1,284,10,1,1
342970,217,2559,0.06892320984840405,1,845,7,1,1
604014,157,2837,0.3798002930032087,1,103,10,0,0
602577,251,629,0.5131480884822484,0,720,1,1,1
480021,28,2240,0.4506049849575521,0,465,9,2,1
214668,29,447,0.4730562041633074,1,156,2,2,1
557155,381,746,0.6393944551366452,1,1134,7,1,1
118051,240,568,0.8858601357121076,1,559,4,0,0
592128,234,1330,0.6929651622439139,0,540,7,1,1
615904,191,1563,0.94689614638513,1,707,6,2,1
13468,80,127,0.7734513302591268,1,1277,8,0,1
647757,428,510,0.7086428412045617,1,1001,1,0,0
53040,97,684,0.4668616497167368,0,1135,2,1,1
511817,147,2725,0.09234105952017013,1,1343,8,2,1
384051,358,2604,0.845709413245149,0,260,3,2,1
688902,435,1255,0.7701696979144648,1,359,6,1,1
27170,287,2071,0.009551515708439151,0,1450,0,2,1
276501,379,1219,0.31156263714502364,0,1083,4,0,0
995666,401,2240,0.42673817098786904,1,408,3,2,1
673209,40,1972,0.36270007354242895,0,1413,9,1,1
176020,173,1405,0.005931296278777642,1,1244,1,2,1
448568,155,2155,0.42579218029037,1,67,3,0,0
196540,374,2321,0.8189978656825891,0,1302,3,2,1
646456,490,2372,0.4278570701471659,1,116,3,1,1
591321,100,462,0.2887041002175106,1,101,8,2,1
545723,88,989,0.8314626556223627,0,274,2,0,0
153485,359,1643,0.03183759695368682,1,1146,4,0,0
305160,159,1618,0.9527787363566679,1,44,0,0,0
703357,483,497,0.9115237707295352,1,347,7,2,1
660576,391,176,0.8700759346937686,1,1487,0,2,1
638202,42,1444,0.19358248152658486,1,106,1,2,1
205593,104,656,0.4015710014156251,1,1059,6,1,1
437107,240,2467,0.016380286240100128,0,1250,4,1,1
378713,341,560,0.2121793435005651,0,1430,8,2,1
787049,354,2391,0.5677803616892514,0,429,8,2,1
821405,158,2663,0.6597071527069652,1,1157,7,0,0
151974,327,2940,0.23098039018712324,1,363,0,2,1
415266,74,169,0.7690007108086604,1,58,5,1,1
192972,499,809,0.8599910444775621,0,142,6,1,1
990558,296,2415,0.775031404860622,1,771,4,2,1
707810,392,2627,0.6733022375399782,0,963,10,1,1
49770,387,2381,0.8807336719522616,0,657,4,2,1
336177,56,263,0.010587702732297366,0,327,9,0,0
460537,122,1962,0.165879064508068,0,1388,1,0,0
242907,365,558,0.20537802804966498,0,1367,9,1,1
210057,121,2213,0.9081176136511647,0,161,8,1,1
15761,431,2205,0.9512512566612646,1,479,10,2,1
425801,464,2124,0.7635625297117287,1,7,9,1,1
11402,286,1239,0.8296809023333064,1,1195,5,2,1
55272,384,1891,0.40990558306086256,1,646,0,2,1
64861,298,625,0.20212721741608142,0,1416,6,0,0
492923,298,1861,0.1594435437541083,1,1174,8,0,0
820835,480,1464,0.12731556672351063,1,863,8,0,0
237920,153,2237,0.4724970160197631,1,232,5,0,0
438401,313,1300,0.42981656011966796,0,1214,6,0,0
376998,216,226,0.4144012778975914,1,222,9,2,1
204964,475,1009,0.9847888259106171,1,316,4,2,1
9021,339,1282,0.7792982555087595,1,1409,7,1,1
896528,208,2457,0.2901019714163938,1,521,10,1,1
167330,211,136,0.019711017720693724,1,570,7,2,1
652887,56,2014,0.3585294008559813,0,257,4,0,0
78351,80,2594,0.9874753733556602,1,609,9,0,0
750453,340,520,0.5334701473036735,1,311,7,1,1
913670,144,1155,0.8524030359300181,1,1410,3,2,1
92826,47,2891,0.711940537118214,0,267,3,0,0
73784,277,2109,0.6562633301741597,1,767,0,1,1
345758,179,58,0.032433449291437766,1,492,3,2,1
515335,470,1796,0.17661376129559747,1,866,5,1,1
695637,272,1192,0.689340914437129,1,1058,5,2,1
715152,359,385,0.20490480804039202,1,1150,3,1,1
780356,26,2861,0.9700849535166839,0,408,9,2,1
505070,352,548,0.38180203325097717,0,68,1,0,0
733798,114,2940,0.3406295517708996,1,895,7,2,1
751193,30,2447,0.6253048878629857,0,780,8,2,1
691566,76,1767,0.27055957568327127,0,74,2,1,1
263215,22,275,0.028721053693741116,0,130,2,0,0
229588,209,2431,0.139775506693815,1,206,5,0,0
658539,75,1533,0.8720514554992299,1,757,4,2,1
516133,277,1498,0.378967409052719,1,1197,1,0,0
24883,69,2537,0.03476796863863063,1,277,9,2,1
654956,467,1604,0.11627583439976452,0,45,9,1,1
705536,282,2758,0.18086025733798783,0,1127,1,0,0
940129,33,1246,0.28902491636448846,0,253,5,1,1
54497,325,1145,0.33419852208238554,1,1276,2,0,0
408376,25,1912,0.18078045107280183,1,1176,3,1,1
816002,217,2231,0.6305835771461402,1,1089,4,0,0
798947,131,2792,0.5085985521841848,0,855,5,2,1
310008,355,227,0.591296601767995,1,1092,2,2,1
944046,482,335,0.8679728811320642,1,1408,1,1,1
425654,356,1062,0.9768674268111351,1,865,3,0,0
975711,45,1439,0.2712050096998865,1,1164,9,1,1
715552,22,717,0.07549784651477387,1,140,6,0,0
386801,286,633,0.5831644016093018,0,939,5,2,1
25078,143,1939,0.9474599541248718,1,453,10,2,1
526315,399,2660,0.3354620046257343,1,1218,10,0,0
128007,467,1863,0.6420429360787021,0,1005,3,1,1
681732,332,169,0.3005120663249802,0,1086,3,0,0
633699,95,2221,0.8307310020559214,0,1064,6,0,0
485207,352,824,0.34789928560984296,0,1450,7,2,1
20710,46,2510,0.8059747033115376,0,1103,3,2,1
598366,439,675,0.9507089507486886,1,697,6,1,1
956671,114,347,0.05313503891566462,0,1198,1,0,0
159364,94,1266,0.7864009859645981,0,225,6,2,1
130558,465,1929,0.01396001001027547,1,44,2,1,1
448579,370,1324,0.8843446349124597,0,67,1,2,1
783182,185,371,0.6890469899581055,1,1460,4,2,1
77609,51,1385,0.7107964409315816,0,1325,0,1,1
841775,111,1577,0.6172475996547505,0,1381,5,1,1
324593,296,2379,0.07664409196359567,0,584,2,2,1
912051,190,1996,0.6759728345984083,1,613,0,0,0
754104,137,2608,0.8286982109009087,0,1166,2,1,1
137930,90,2089,0.6379622952570362,0,735,7,0,0
642870,287,1682,0.7064303487948468,1,778,1,1,1
162524,203,410,0.44921188079779584,1,1088,8,1,1
987713,149,1650,0.38736238758965824,0,1051,9,1,1
792150,116,901,0.15190421844345947,0,176,3,0,0
305580,130,1801,0.7204296043651158,1,950,5,2,1
401219,340,787,0.8570036484610822,0,1288,8,0,0
212942,273,2775,0.25706754445613,1,348,1,0,0
431254,479,1760,0.9312921102253204,1,399,5,2,1
2877,204,593,0.9942693532327023,1,98,6,0,0
406441,143,2682,0.513822774361488,0,789,3,1,1
139684,185,1842,0.38266436330738096,1,1480,8,2,1
631022,138,175,0.9990932074883798,0,888,9,0,0
143692,210,2832,0.4498553929942237,0,401,3,1,1
778253,124,1378,0.038651227031781143,0,177,4,0,0
633837,227,240,0.5863913760497659,1,1269,3,0,0
191868,367,2361,0.34727676096482263,0,1484,5,0,0
96041,167,2849,0.15069542378806133,1,1435,10,0,0
65686,131,1024,0.4531450068875419,1,388,5,2,1
677590,70,1748,0.3626352645337194,0,577,10,2,1
378712,381,1732,0.17793741783059058,0,1333,7,1,1
290997,355,1843,0.3966381141047344,1,1096,10,0,0
175233,432,1038,0.26274414769021825,1,382,4,2,1
690655,143,2202,0.5347278758591271,1,817,0,2,1
78781,34,1472,0.28732262937062447,1,155,0,0,0
247587,257,2098,0.11528770615917605,0,1309,1,0,0
559814,372,281,0.19789799599046565,1,13,5,1,1
877909,431,1002,0.01451493268933124,1,188,10,0,0
161056,352,1652,0.6685325171801009,0,715,7,0,0
255248,339,759,0.6015789121661231,0,1234,2,0,0
798460,271,2010,0.5912381581860507,0,257,3,2,1
140203,471,2324,0.708721946346585,0,434,10,2,1
57710,355,1885,0.13089450769397337,1,1209,1,0,0
904454,125,2787,0.37145353899676503,0,592,1,0,0
12475,424,2076,0.6715632497674922,0,1088,7,0,0
508272,232,132,0.23898701117841936,0,1275,8,1,1
728770,438,2899,0.3270172443476651,0,846,8,0,0
843642,318,2215,0.6286555392152158,1,781,7,1,1
43664,438,1806,0.8214725791882652,1,1263,3,0,0
257552,271,2062,0.3946554455324246,0,595,6,2,1
114488,280,1754,0.8351801479480999,1,147,1,2,1
490031,385,2325,0.989201236835924,0,23,3,2,1
789320,63,1639,0.49777653687629253,1,604,2,1,1
558544,315,223,0.5910337204369723,1,489,10,2,1
109557,83,1427,0.5934754787732393,1,541,2,0,0
524116,140,242,0.4301191665629731,0,1494,3,0,0
352864,168,1657,0.09465751737853967,1,1273,8,0,0
989579,142,827,0.9394815746558082,0,45,3,0,0
713716,227,1047,0.3801062363385629,1,673,0,0,0
616053,297,666,0.5267825289080873,1,27,8,2,1
403631,347,2520,0.7792209816834231,0,339,10,0,0
701406,153,2776,0.4202352703165636,1,679,1,2,1
694830,240,401,0.6455591674004979,0,1248,6,1,1
271987,386,1118,0.2609471430611763,0,326,0,2,1
792707,401,2497,0.9134447455131588,0,327,5,1,1
677558,427,1888,0.589172506807207,1,1412,4,2,1
703682,186,256,0.1408092129597217,0,861,9,1,1
970980,241,1997,0.1883120525028914,0,1012,1,2,1
857451,397,1242,0.5357559205231748,0,642,1,0,0
338553,241,437,0.290422445468269,0,944,3,2,1
625284,131,108,0.6336142146313039,1,1469,3,0,0
701818,43,634,0.6477096580653108,0,450,8,0,0
416093,384,1397,0.5530215931956124,1,213,6,1,1
748744,407,970,0.22749434031723137,1,279,9,2,1
463576,347,2767,0.5061399740885293,1,678,9,2,1
407975,180,2119,0.6929950324652909,1,1200,2,2,1
783161,143,713,0.517484495128168,0,1201,8,1,1
506990,115,2481,0.5061987476519714,1,402,1,2,1
2029,187,2240,0.023186464752184444,0,57,2,2,1
866515,112,1781,0.8255973528824623,1,359,8,0,0
161552,403,1033,0.6694333491383828,0,1479,8,0,0
19932,58,57,0.39701746949864547,0,878,8,0,0
221531,263,122,0.7698040110139428,1,1404,5,0,1
189656,471,978,0.08509637806559323,1,640,8,2,1
600912,315,1160,0.3391077528696962,0,496,7,1,1
884912,302,1897,0.41635123046100375,0,959,3,2,1
825299,225,141,0.3904592742555014,1,1368,5,0,0
602034,311,1862,0.620442067701419,0,844,10,1,1
255998,219,1883,0.34265554671009046,1,525,4,2,1
941409,235,380,0.8793782029869754,1,842,8,2,1
861828,226,274,0.27461113209932053,1,696,1,0,0
992558,283,2827,0.7538154728892996,1,269,8,2,1
258766,167,1211,0.5431055963458875,0,748,3,2,1
477711,346,2250,0.2017837733956367,0,307,7,0,0
812136,132,272,0.7394206238230678,1,960,5,0,0
844490,146,2476,0.4915795630266687,1,1351,2,1,1
951856,310,2210,0.956800873773928,0,107,5,1,1
88036,458,1111,0.0049636698324538875,1,303,2,0,0
908775,373,478,0.5919525886726392,1,274,7,2,1
308201,199,1197,0.5186943576767155,1,838,1,1,1
30889,118,753,0.01291727026441325,0,234,10,2,1
223184,449,1759,0.736550586286193,1,1172,2,1,1
740231,417,2743,0.6489168663436159,1,1346,1,0,0
103986,406,2125,0.1991391578040801,1,1336,3,0,0
724437,323,565,0.21325435862579234,0,483,10,0,0
40192,202,414,0.9327942152586264,1,325,10,2,1
280673,201,508,0.3224660865847837,0,1439,5,1,1
798396,319,1679,0.7064209674173851,0,397,9,1,1
444943,413,1824,0.42769286670827267,0,520,2,0,0
342946,419,590,0.4887842062278094,1,572,7,2,1
283921,121,857,0.23383486755634975,1,642,7,0,0
642605,355,1836,0.4364769910722799,1,1066,4,1,1
169448,227,1539,0.3909736215215742,1,1320,7,2,1
491844,138,1770,0.5819124976684891,0,12,2,0,0
209870,178,1933,0.44825328423593236,1,142,9,0,0
32568,80,1398,0.891994553375622,1,62,7,2,1
182221,487,1177,0.13640861821721106,0,467,7,0,0
329284,187,389,0.4032669548800686,0,782,9,2,1
203919,111,2915,0.8660416007969712,1,319,4,1,1
967653,500,733,0.04445314364337605,1,532,6,1,1
521064,92,1347,0.6101915852995732,0,910,9,0,0
314727,458,2776,0.3763392789595935,1,482,4,2,1
631398,135,2579,0.6265172540622321,0,194,0,1,1
2709,124,211,0.05917322985959983,0,1475,9,2,1
614075,36,56,0.10118450220771469,0,72,8,0,0
522023,400,2031,0.6499222151562225,1,446,1,1,1
650243,21,1259,0.8391601557139524,1,60,3,2,1
645418,408,2122,0.6136675033309686,0,741,6,2,1
28788,251,1393,0.7673013930902806,0,982,4,1,1
424591,466,974,0.1114413581988396,1,1189,3,0,0
558147,340,1744,0.8571054289896805,0,1102,3,1,1
924322,320,385,0.9925780520143073,1,144,10,0,0
274882,345,826,0.5442339183608011,0,1062,4,0,0
517480,28,158,0.08979817325417105,1,98,3,2,1
429608,379,286,0.1259262121475544,0,943,2,1,1
23445,137,2387,0.23493106035806655,0,1198,10,1,1
281271,461,551,0.4311843691438729,1,651,0,2,1
909465,115,2406,0.8440702784567459,0,361,8,0,0
549243,489,300,0.9611847257411752,1,162,6,1,1
736536,422,1624,0.5694865856123994,1,1497,4,0,0
775466,286,2801,0.9533260527483088,0,986,10,1,1
31327,324,2708,0.8561723353026037,1,602,7,2,1
955189,138,2042,0.4304050702156734,0,732,6,2,1
370329,25,409,0.46051481393748483,1,1269,7,0,0
783327,292,253,0.2163828546301827,1,1401,10,2,1
153276,55,1801,0.9893778092992155,1,255,8,0,0
166761,177,1121,0.6518645259823331,1,616,3,2,1
209860,480,1916,0.04728913424257386,1,412,7,2,1
123633,43,2670,0.835383530096236,0,25,7,1,1
215784,233,1141,0.8891584271460377,0,441,9,2,1
468389,365,1485,0.4112690811721349,1,246,8,0,0
257651,246,480,0.8721918473379554,1,210,0,0,0
265502,225,86,0.3526349465180644,1,700,2,0,0
152534,184,1457,0.3930337536561208,0,812,3,2,1
5943,111,2048,0.6190151855443498,1,1051,0,0,0
260314,116,2093,0.12730303643643426,1,246,8,2,1
885391,391,1899,0.20919179278250222,1,743,3,0,0
745761,81,2910,0.700923233219057,1,660,5,0,0
742978,246,2159,0.8996926745532101,0,34,2,2,1
75728,425,802,0.7102083403723966,1,1252,7,1,1
971129,342,803,0.8944997138282069,0,382,9,2,1
898843,266,1430,0.8311287498218787,1,230,10,2,1
794561,177,2182,0.06334999596153645,0,1121,7,2,1
162464,486,1965,0.6500008726879156,0,627,8,1,1
719384,216,2457,0.4113111406951905,1,654,3,0,0
748643,413,2545,0.9100793456053877,0,219,6,0,0
692060,111,1821,0.2303360661884294,1,7,1,0,0
412439,363,1545,0.17711051098408714,1,582,10,1,1
275258,61,2487,0.3886378687040598,1,1345,4,2,1
736700,447,1526,0.4992581711903342,1,564,8,1,1
155779,371,399,0.19834996533188443,0,721,7,0,0
9485,498,287,0.37210902314401373,1,112,4,1,1
13146,154,252,0.2616700240210348,0,505,9,1,1
128141,160,2830,0.08164280274724667,0,776,7,1,1
172355,149,1096,0.19979120056151023,1,1161,5,0,0
56573,325,318,0.6940726887719956,1,31,7,0,0
188588,401,131,0.7108234289086709,0,485,6,1,1
379443,293,2478,0.7657727383897341,0,866,2,1,1
655222,156,2035,0.10088786735386701,1,942,8,2,1
817142,168,1477,0.16577590546878218,1,861,7,1,1
478325,291,1840,0.17764449623373701,1,1280,2,0,0
90269,496,2328,0.09171542595516591,0,1354,3,2,1
272349,34,2317,0.7997986323420009,0,1409,9,0,0
481616,26,1686,0.40905395573613523,0,1055,8,0,0
587879,114,778,0.8427313808628343,0,546,6,1,1
837768,269,1488,0.12648598074647743,0,1265,3,2,1
362762,436,444,0.15002285719891706,0,472,8,1,1
780043,268,76,0.937146175044396,1,218,7,2,1
283854,197,2411,0.7043314198475772,1,1494,2,2,1
591867,482,1600,0.34535839873238017,1,1045,1,0,0
15174,84,2560,0.13842237959227122,0,471,3,1,1
212380,277,692,0.120763916050448,0,560,3,2,1
420482,406,2298,0.9639740544256372,1,1194,9,1,1
363036,261,1823,0.4661343280439696,0,605,0,0,0
500366,202,2505,0.8445067683213101,1,1107,7,2,1
388511,320,1993,0.07074530160626935,0,930,1,1,1
996984,87,1810,0.7573861821708379,1,1323,1,1,1
243854,273,2117,0.5440471188283608,1,1382,10,0,0
615117,33,942,0.9920944507232086,0,415,10,2,1
583767,146,186,0.6806227255753748,1,925,1,1,1
67494,79,1600,0.7454960909811819,1,378,8,0,0
386351,92,253,0.033207141570061216,1,177,7,0,0
774756,213,482,0.4179342369386586,0,45,8,0,0
447827,146,74,0.9732937988910034,1,1449,4,1,1
289608,175,1668,0.8971452454454751,1,891,10,1,1
619723,459,622,0.06791719216145964,0,996,7,2,1
308113,310,57,0.6381154197489277,1,478,3,2,1
883331,338,1172,0.8661382637056446,1,912,10,2,1
339552,435,2875,0.8143288644785978,0,1372,7,1,1
392678,221,882,0.3659961777197702,1,76,5,2,1
542350,413,1955,0.23294781160715916,0,1246,1,0,0
18133,283,2149,0.5115436199421289,0,1410,3,2,1
997662,227,607,0.6475896271938401,1,152,8,0,0
800077,231,2921,0.6097814052800564,1,1085,5,0,0
595518,96,1646,0.7984639233264206,1,213,0,2,1
889704,243,1806,0.8046732781749336,1,255,4,1,1
513798,469,974,0.3677773021881594,1,1477,5,2,1
848967,164,2154,0.28038250875349424,1,1468,0,0,0
80420,229,1973,0.3080617212127926,1,430,1,2,1
202859,478,682,0.7764263557239512,0,130,0,1,1
176209,227,184,0.11901225174607355,1,425,8,1,1
408130,421,697,0.8486275301970763,0,938,2,1,1
576313,193,418,0.9825810912253261,1,490,0,1,1
772588,465,2612,0.6518755360863162,0,365,7,2,1
285453,70,2863,0.9909178332110077,1,488,7,2,1
146444,266,323,0.5672550352290249,0,45,1,1,1
282289,189,1936,0.39936959128167326,0,1013,6,1,1
532697,24,1226,0.822525271445633,0,942,1,0,0
467152,180,2040,0.5919929342650043,1,646,8,2,1
438064,182,342,0.5355890207500944,1,408,4,1,1
692670,394,2552,0.6686044698147044,0,1454,6,1,1
895505,210,1396,0.6879468212848578,0,159,1,1,1
170176,488,1703,0.05538025873566621,0,1413,7,1,1
221902,180,598,0.6604954789148214,0,231,10,2,1
948241,318,2855,0.654655773282207,1,108,0,1,1
843277,108,2250,0.7055945220775398,0,693,6,2,1
363161,286,2731,0.6689481464320943,0,349,2,0,0
123611,132,2725,0.7561333506031581,0,89,10,1,1
194380,262,1897,0.9811255337609901,1,342,2,0,0
51497,354,647,0.9018086866215802,0,1238,3,0,0
212942,198,1118,0.43441638343825373,0,414,7,2,1
532438,245,647,0.596519963788221,0,525,3,2,1
693214,441,869,0.10257724761115539,1,1034,6,2,1
502902,307,1116,0.18604096878589815,1,962,7,2,1
614917,82,2449,0.012774782987264088,0,1103,9,0,0
398631,80,344,0.5974564910183053,0,631,1,0,0
660433,207,515,0.7241915270559303,0,918,4,2,1
205909,46,1400,0.05667906700347192,1,1131,1,0,0
571349,338,329,0.6323588296693741,0,422,8,1,1
975075,182,1134,0.150038749045592,0,1495,4,0,0
336066,485,2814,0.045029016054019655,0,1490,4,1,1
70496,224,298,0.6453411179257633,1,968,4,0,0
579106,143,1508,0.5826861944312364,0,890,9,0,0
827581,196,2776,0.2721820100993896,1,785,1,1,1
688822,208,1930,0.438604184047532,1,876,0,0,0
920871,365,1282,0.48431313821269406,0,711,7,0,0
564316,496,1891,0.1961035254805754,1,1277,1,0,0
883902,124,619,0.43821017463403356,0,1066,1,1,1
488619,113,2314,0.006245992414031898,1,347,3,2,1
466063,44,2705,0.7527971948425151,1,550,6,2,1
839344,313,413,0.20461789130148167,1,1287,3,0,0
520855,288,1770,0.8290407221280309,0,1422,4,1,1
747433,140,2476,0.7860035889483197,0,998,3,1,1
635691,159,2765,0.760924157571466,1,609,2,0,0
105380,231,1584,0.3722929881256677,1,144,2,2,1
621523,458,207,0.6667069641252227,1,699,8,1,1
379932,240,1021,0.7198813155808962,1,1108,5,1,1
317170,279,1869,0.7037937004829966,1,810,5,1,1
5313,444,2922,0.011170159829025694,0,458,8,1,1
205824,305,1952,0.4405056583141116,1,676,10,0,0
689401,105,1869,0.6942713396499286,1,938,0,2,1
446086,388,220,0.09990245232682304,1,397,9,2,1
888742,348,914,0.07481397380167742,1,1163,2,0,0
507341,133,614,0.7612390595107477,1,821,3,0,0
115446,371,392,0.5937350739462613,0,795,5,0,0
849998,436,1193,0.3677155844538701,1,513,6,2,1
926848,351,1784,0.44962395109849895,0,1341,10,0,0
980049,34,2342,0.12983926874216611,1,704,0,2,1
67140,335,2110,0.6949724947680551,0,724,6,0,0
761785,256,1870,0.7308294993491049,0,293,5,1,1
494213,377,2892,0.9660665581148029,0,523,0,2,1
584087,331,1441,0.24521841774001252,0,689,2,1,1
680781,298,1725,0.023858684725092782,1,391,10,1,1
776010,201,763,0.4973745376530829,1,569,9,1,1
373810,157,1247,0.372907562460116,1,1422,9,2,1
217456,214,2360,0.7178108836519512,0,916,9,2,1
280749,50,921,0.0013847669415346653,0,762,5,1,1
630138,86,1513,0.28305273383479634,1,86,1,1,1
866710,498,1190,0.6962077585558959,0,1379,8,2,1
117779,240,1515,0.41978041337948024,0,1481,7,1,1
343405,21,1582,0.06110735509088683,0,1462,2,1,1
658886,307,1371,0.37080962404413087,1,1298,8,1,1
526836,479,2920,0.23304614599153617,1,548,3,1,1
724756,117,1535,0.5782617010949753,0,33,3,2,1
571234,90,1552,0.41308865237362613,1,903,2,1,1
582223,452,2982,0.018333898443945063,1,595,9,0,0
536303,435,2973,0.8330350134235751,1,163,5,2,1
791992,92,320,0.8443101113896877,1,4,7,1,1
821412,275,2698,0.08520539767681934,0,1290,5,1,1
676313,363,458,0.17313917764128173,1,1308,6,0,0
670669,357,978,0.9464449481409981,1,874,8,0,0
883620,243,444,0.37762774186063275,1,298,2,2,1
243076,440,2847,0.20431159949043765,0,229,8,1,1
983075,184,113,0.528205913340081,1,1253,1,2,1
21929,380,495,0.7421085889411463,1,756,5,1,1
928618,318,611,0.10750322261490541,0,111,1,0,0
598929,457,724,0.2987869376266661,1,166,10,1,1
727397,336,2642,0.8285219175859208,1,1274,7,0,0
804497,314,2910,0.6087038560532702,0,198,1,1,1
219463,423,78,0.1334098317499981,1,1133,8,0,0
132977,377,915,0.25607660843598323,0,1196,10,1,1
182296,299,1496,0.32108651700146484,1,709,3,0,0
768049,264,625,0.19307190211052705,0,562,8,0,0
146798,301,1005,0.055333528466664395,1,1348,1,1,1
787271,117,2090,0.63048631157614,0,715,2,0,0
426925,264,2446,0.6403950144116964,1,24,9,0,0
652559,298,2515,0.43331013740581015,1,503,5,2,1
610806,125,524,0.9077850356569008,1,255,0,2,1
808231,336,709,0.6920519805195016,1,25,5,1,1
637481,80,222,0.02264422799026311,1,555,10,0,0
564012,36,1707,0.6253031218075277,0,975,5,2,1
74404,439,1124,0.31906082110713463,1,1486,9,1,1
205857,304,2356,0.4437242675229648,0,1417,9,0,0
66922,57,2237,0.19498998221810282,0,1075,9,2,1
205663,159,2308,0.24206763960832833,0,12,4,0,0
727211,487,613,0.45961567816133664,0,1115,5,0,0
151482,342,509,0.032275853397427445,1,487,0,2,1
729084,494,1507,0.10569575590610814,1,618,4,2,1
849932,277,986,0.9756642256438475,0,822,4,0,0
497764,227,2885,0.7881976803839417,1,199,9,0,0
512927,265,676,0.07489978745085502,0,249,2,1,1
831339,332,1716,0.6931496362888436,1,1029,0,0,0
696838,127,637,0.6137300821272651,0,987,10,2,1
202756,344,1698,0.27382129863214366,1,184,8,2,1
187606,187,758,0.18611340671823184,1,135,6,1,1
446890,252,2840,0.3120938122193784,1,1064,2,1,1
311670,284,1302,0.5133712053925957,0,409,4,1,1
473074,339,1960,0.4088116498821899,0,1282,2,0,0
270416,255,2721,0.9280566768494068,1,252,7,2,1
967131,203,1873,0.9167752454451514,0,986,0,2,1
590012,433,2895,0.7260614825623651,1,1215,9,0,0
884049,464,2948,0.04312830777814769,1,359,1,0,0
601396,371,337,0.8036353681972781,1,289,9,0,0
34652,497,2327,0.940855604758605,1,1281,2,1,1
49801,415,1569,0.6622727493225119,1,170,3,1,1
920928,124,2447,0.9454586537199868,1,1304,9,1,1
556230,412,1504,0.8458725477953646,1,478,3,2,1
555141,59,2000,0.6103705924282947,0,344,8,2,1
289655,93,2787,0.9360251132078322,1,800,9,2,1
780866,297,79,0.25359236939978536,0,1455,9,0,0
413898,156,2843,0.4535822041911177,1,380,9,0,0
150612,42,2057,0.7379091646693084,0,668,2,2,1
397790,341,2109,0.824857593274605,0,991,4,0,0
404552,364,2387,0.681190758124864,1,257,4,1,1
279211,43,2553,0.9304200614841343,1,176,0,0,0
236665,436,1812,0.9645781389798844,0,1312,2,1,1
963816,487,1758,0.6961133830071187,0,14,9,1,1
368533,458,739,0.38721341139203247,1,1328,5,1,1
916483,253,1848,0.4600566271076846,0,933,10,0,0
871232,206,2915,0.6705438574712271,1,1385,5,1,1
654548,280,99,0.17157574198028813,0,1267,5,0,0
319305,126,2918,0.8756257581511563,0,861,8,0,0
619861,488,2182,0.3927709851908596,0,1482,10,2,1
866624,237,383,0.3272595088090833,1,1338,0,0,0
359126,467,1622,0.2827346951021056,1,1075,1,1,1
564918,357,513,0.012490292085445276,1,832,10,2,1
709767,405,1789,0.48044969609471855,0,724,6,0,0
649996,235,2156,0.5920083469510213,1,145,6,1,1
82875,320,123,0.06882257666399305,1,1294,8,0,0
974683,315,2620,0.5695191054406478,1,226,10,1,1
784924,123,2984,0.8043366046125939,0,1227,9,2,1
319555,395,447,0.36140739381027565,1,1404,9,2,1
130287,375,1031,0.036216415961643045,1,820,2,1,1
870006,329,1256,0.5470448436893358,0,774,8,1,1
23382,377,2557,0.203438224670899,1,1051,2,1,1
526136,380,513,0.193556185293845,0,580,6,0,0
617721,193,2329,0.9576721812408685,1,384,0,0,0
268118,262,821,0.8445779806543019,0,203,6,0,0
552674,143,339,0.11522236111304385,0,573,6,0,0
663588,38,449,0.6630131102518794,0,973,3,1,1
202519,143,979,0.352461823124108,0,1159,6,2,1
78305,270,2474,0.645375633136073,0,199,1,2,1
526781,56,1324,0.3930265786590186,0,501,10,1,1
57808,487,2495,0.5739200845405164,0,1194,4,1,1
474507,221,982,0.209146624718619,0,898,6,1,1
473801,463,153,0.9282224202808381,0,821,2,1,1
132245,472,1168,0.7364006427023739,1,306,1,2,1
347622,341,69,0.981911306226123,1,480,7,2,1
15835,25,1770,0.22274654831656637,0,473,1,0,0
820135,348,1714,0.5506639615301685,0,630,1,2,1
163505,218,1918,0.22649908567930033,0,1408,6,1,1
335402,279,1667,0.9174672910910857,0,1375,1,2,1
170935,286,851,0.001203706988038955,0,38,0,1,1
934443,74,2854,0.18981923048867633,0,669,4,0,0
633021,218,1165,0.7002253808191623,0,172,9,2,1
900487,111,416,0.8713757087310913,1,1250,0,1,1
399376,423,143,0.47565403298269593,0,555,3,0,0
63393,396,1872,0.967229066524882,1,296,0,1,1
313499,409,2237,0.7501668537014019,1,688,10,1,1
164335,115,2193,0.9056137966579211,0,146,8,2,1
598914,440,1449,0.9927567509329924,1,752,9,0,0
198256,147,577,0.4094285916398135,0,1426,0,1,1
888756,405,2204,0.05614945544145433,1,1451,10,0,0
349710,311,1665,0.8142446565519853,1,855,1,2,1
663323,435,2753,0.8729891804428253,1,212,2,2,1
821660,369,931,0.45898285561811547,0,447,3,0,0
291663,255,223,0.7666142652635451,0,1178,9,1,1
17801,424,450,0.6762568424493423,1,1408,6,1,1
412758,171,163,0.32267549388948646,0,892,10,0,0
818910,228,997,0.6676179362230413,0,1274,0,1,1
108267,92,1185,0.7865838666551832,0,1003,4,0,0
898249,402,623,0.05789755146629638,0,25,10,1,1
865311,249,2256,0.3636204580782497,1,735,8,0,0
602587,281,1415,0.9908716774925392,1,889,3,1,1
847286,115,217,0.11356445613805166,1,478,5,2,1
962387,129,113,0.26638324026550597,1,1122,4,0,0
233925,486,765,0.8755620026042275,0,446,8,2,1
485813,133,811,0.9734019842766124,0,1163,9,0,0
302880,108,2197,0.5487801610937282,1,548,1,2,1
113799,275,2331,0.9933956986575807,1,68,9,1,1
31804,80,84,0.12868339229132675,0,1268,6,2,1
623853,108,1934,0.3793188175353248,1,1132,10,0,0
75725,269,2419,0.36945021399522127,1,341,10,2,1
112665,258,316,0.42778979047557597,0,4,1,1,1
343827,473,638,0.3593552087463131,0,329,9,0,0
323248,453,1760,0.16463724775516742,1,44,1,0,0
183929,26,417,0.9863966986412818,1,1453,1,1,1
32661,169,1737,0.720587185669342,0,235,2,2,1
88916,270,2323,0.7319745644460552,1,1228,0,1,1
169664,76,2191,0.3442295171289431,1,250,3,1,1
339568,108,978,0.35669089902916074,0,1006,3,1,1
899029,354,2561,0.6722002008861283,0,707,9,0,0
262937,129,2931,0.5557741325341222,1,601,5,2,1
877328,111,241,0.5874761110498661,0,1431,8,2,1
244366,294,596,0.7119257497819339,1,1000,5,0,0
996705,333,1740,0.5980351763364238,0,344,9,0,0
83174,122,472,0.20122921802223181,0,347,5,0,0
742074,219,326,0.5827922816133541,0,1446,1,1,1
254255,51,2303,0.7127722172064199,0,1284,4,1,1
161569,374,507,0.07663398151573997,0,323,1,0,0
335809,146,203,0.0762912947069796,1,1179,4,2,1
816289,65,1286,0.6084374241890255,0,505,7,0,0
779343,450,2223,0.6569175353093746,1,1166,3,2,1
761533,196,1105,0.6833761051579395,1,716,7,1,1
492549,169,820,0.6001963092285857,0,1007,1,0,0
794835,367,1008,0.020813183557139237,0,1091,8,2,1
361696,306,309,0.7027203947381618,1,473,1,0,0
855467,221,272,0.23123543404664926,1,1348,10,1,1
673214,498,94,0.45698281118522077,0,981,2,2,1
879525,450,2370,0.006333024412186639,1,457,3,1,1
456571,321,2032,0.6670061819395702,1,415,0,1,1
940854,48,2198,0.090865162245504,1,1240,8,0,0
144485,303,2121,0.945317790144742,0,1285,10,1,1
516028,328,2379,0.5300574393527072,1,340,8,0,0
240900,331,1204,0.7703136091964793,0,1426,1,0,0
253640,57,754,0.19447008182782666,1,214,3,1,1
70715,142,2048,0.11901441526194845,0,1232,0,1,1
759739,238,1325,0.5640733937625926,1,1401,8,1,1
756904,138,708,0.7239325645606002,0,1237,7,1,1
634216,390,94,0.8841226023208734,0,244,4,0,1
815568,203,1731,0.7610260671005094,0,313,0,2,1
850462,354,2195,0.3419944672726837,0,215,8,0,0
871950,471,1402,0.6172418207637469,1,149,6,2,1
417887,234,147,0.3377707389247684,1,1442,1,0,0
506964,141,968,0.04539284243493569,0,664,8,0,0
130467,467,2785,0.049583001099905655,1,168,2,2,1
764218,263,916,0.741705322613887,1,1466,0,0,0
382066,338,1464,0.5682786738031256,1,1375,5,2,1
711759,192,770,0.2570431765213943,1,597,0,0,0
905697,74,1678,0.5864682450788302,1,1267,6,1,1
247239,284,483,0.7631805733291583,0,1423,3,0,0
417347,162,1380,0.16052308194555553,0,1131,5,2,1
654043,93,1630,0.06548092189265531,1,353,5,2,1
532229,268,916,0.514967837308723,1,207,7,2,1
616203,362,455,0.176716973430999,1,1301,1,1,1
617934,260,1124,0.10883896161137585,1,70,1,2,1
493363,250,777,0.3828744467449102,1,1008,1,0,0
917378,488,762,0.3820513995031485,0,712,8,0,0
687643,24,2709,0.01617557357840671,1,61,3,1,1
931594,345,2007,0.7897310128968151,0,925,3,2,1
254034,177,430,0.05908840652951097,0,906,9,0,0
387866,343,2859,0.05361688951115018,0,231,0,0,0
753659,269,861,0.8556314668430234,1,1168,3,0,0
674209,436,2220,0.9571134913479934,0,1137,10,0,0
838116,121,2314,0.8013071866465781,0,576,9,2,1
169711,112,1106,0.6313942305625048,1,696,10,2,1
138217,355,235,0.9150096964489005,0,1313,1,1,1
779255,183,668,0.39869736351536167,1,860,8,0,0
693481,198,1064,0.4001345195496153,1,162,3,2,1
996264,290,1730,0.7538601687708825,1,20,10,0,0
714613,347,1526,0.3648928809979526,1,1422,2,1,1
736734,123,282,0.08292897199936322,1,260,7,2,1
641056,492,1830,0.33491885903355134,1,131,1,0,0
571885,356,597,0.04301094580361042,0,34,9,1,1
539154,67,2378,0.5851831385453529,1,1338,5,2,1
906320,429,1326,0.6031209539956264,0,764,7,1,1
919533,208,1678,0.8441874111048703,0,1242,7,1,1
930095,332,1198,0.32701965153242296,0,807,10,1,1
189943,184,472,0.3244072180911661,1,1469,1,0,0
50812,108,499,0.7164238761870609,1,710,4,0,0
274082,406,2046,0.6642466179333133,0,728,7,1,1
124326,105,2173,0.02340763962312531,0,312,6,0,0
653740,65,2245,0.17995973056624914,1,65,0,0,0
150514,416,846,0.6393024210569545,0,1008,4,2,1
396917,295,1890,0.08305923256090586,0,123,6,0,0
180720,26,645,0.40287316680923013,0,1491,9,1,1
999112,495,2123,0.6484170349929382,0,796,3,1,1
539594,323,2347,0.012059910177782185,1,483,10,1,1
364532,359,805,0.003054116221153147,1,249,1,0,0
8062,197,2889,0.0034265491026074235,0,504,9,2,1
603867,89,2751,0.6528759301769996,1,48,1,2,1
994678,392,443,0.007496436912681315,1,958,9,2,1
182613,35,1969,0.9402454581725701,0,1430,4,1,1
346879,104,1654,0.5229603766094655,1,39,7,0,0
751976,424,2109,0.48638559569989126,1,1241,8,2,1
83474,47,2859,0.5319601112928818,0,1123,8,0,0
576078,409,1501,0.22152682509185406,1,938,6,1,1
870895,423,2516,0.17291842179172612,1,1200,3,1,1
59300,31,1054,0.7457547506221653,0,387,2,2,1
84480,469,2106,0.988563572444568,1,361,7,0,0
635917,96,1023,0.25232731862575475,1,1097,7,2,1
198438,438,1237,0.35937016691169854,1,1463,10,2,1
627699,221,795,0.5191592887852833,1,121,7,2,1
395196,391,325,0.1310941253354866,0,311,0,1,1
180531,182,716,0.9816195119718223,1,666,6,1,1
974925,450,2781,0.9392426957207832,1,1429,5,0,0
713587,171,810,0.4481888823585578,0,513,0,1,1
272825,97,1310,0.059364246564002854,1,181,7,2,1
735932,96,1980,0.7034623644489691,1,988,2,2,1
53449,421,1431,0.7626787969758111,1,1420,9,2,1
410329,457,1196,0.10212354156413594,0,171,2,1,1
40967,364,604,0.35673482297475123,0,549,0,1,1
946168,442,294,0.011063224492847357,1,419,0,0,0
411870,58,2972,0.725278280267835,0,161,2,2,1
603361,373,1145,0.8706960139496915,0,1439,2,0,0
217131,167,2881,0.551617134819321,0,1189,4,1,1
417981,464,1874,0.20290977175538383,0,106,8,0,0
927366,226,163,0.5575092796501925,1,465,5,1,1
593403,102,2408,0.1682266223125649,0,1090,5,0,0
553093,491,1018,0.21012293451634467,1,7,2,0,0
431634,345,2263,0.38141894519150643,1,800,0,0,0
257012,88,460,0.7436974731423701,0,1156,6,2,1
622971,126,1018,0.6288934632790889,0,562,5,1,1
134611,299,1663,0.5930592364770533,1,75,7,2,1
201192,153,716,0.5234913051118283,1,1039,9,2,1
363031,138,2289,0.6991122800817119,1,297,5,1,1
474063,419,770,0.6769903617361646,0,614,4,2,1
727517,86,1831,0.8384882935003333,0,984,1,1,1
94413,363,187,0.6758510782325782,0,886,5,1,1
789777,209,2264,0.1912024631499355,1,426,3,0,0
498925,201,1976,0.7825143719950546,1,1442,0,0,0
467652,172,691,0.17121746700688412,0,938,8,1,1
854036,238,2891,0.5270751697190434,0,560,7,0,0
246018,296,2475,0.24088790444132047,0,1215,1,2,1
88584,321,2458,0.8379839702809347,1,656,6,0,0
168133,65,2704,0.3408425011011188,0,17,7,1,1
43655,377,393,0.46208457998611796,1,413,6,0,0
522006,383,128,0.559423250596324,0,820,6,0,0
555367,446,1852,0.8229498246823517,1,783,9,2,1
953008,286,1925,0.5392686821406952,0,1244,1,2,1
894124,36,495,0.8308713821690779,0,766,5,1,1
543181,228,2785,0.8137237996027484,0,31,1,0,0
292398,190,1671,0.3351537885811551,0,723,3,0,0
579635,211,2069,0.1070826568677069,0,1416,2,2,1
334351,171,2033,0.07908456743873005,0,329,7,0,0
576985,421,2719,0.39774696945562193,0,683,7,0,0
562835,392,1134,0.4406788304607845,0,228,2,1,1
353919,237,1658,0.7772565774306897,1,1470,6,1,1
100757,498,2489,0.03421017322856057,0,549,5,2,1
874487,81,2490,0.575135001371859,1,201,1,2,1
903369,469,1987,0.5817293867710317,1,306,2,2,1
923506,156,1685,0.671774896313648,0,645,4,0,0
127235,458,1514,0.4757294584214017,1,1119,9,0,0
783510,263,1432,0.041513960280603945,0,1156,7,1,1
974741,84,2845,0.712860655178915,1,809,4,0,0
913003,239,717,0.9975756169286031,0,611,10,2,1
697553,367,1508,0.5377541856773442,1,1265,0,1,1
183540,350,145,0.3616878955874261,0,374,10,2,1
108717,88,2261,0.7431706139408154,1,659,6,2,1
439187,349,269,0.055411223187987746,0,817,1,1,1
848528,413,1298,0.6829255311474506,1,1080,10,1,1
603230,54,2986,0.38633182536702426,0,1385,6,0,0
117070,56,1152,0.49062154856840046,1,137,3,1,1
41773,147,498,0.6200292114241451,0,1216,9,0,0
150325,112,2861,0.5783426893412044,0,628,9,0,0
788429,54,2152,0.8557451222741752,0,1298,1,2,1
804734,381,306,0.3897388000155452,0,17,3,1,1
645828,465,1269,0.566459614326203,1,598,1,2,1
8412,369,903,0.9909185393322709,1,1096,9,0,0
550405,193,997,0.21318815097436594,1,50,7,2,1
742540,436,2277,0.5300661231687535,0,302,2,0,0
709945,430,2184,0.9109534690834026,0,1242,7,2,1
740261,192,700,0.29577689097084026,1,639,8,0,0
472410,51,898,0.49824472036336853,0,1199,6,0,0
705999,264,484,0.9368613664320569,1,1089,8,2,1
276996,477,968,0.0866558878852105,0,250,2,1,1
495272,355,1199,0.7893065609965758,1,523,6,2,1
487816,48,1301,0.5538228719670029,1,1433,0,0,0
577904,140,1547,0.878381145659653,1,632,2,2,1
282238,319,2832,0.8620899132829393,1,139,10,1,1
344121,159,2774,0.9868016932134183,1,217,7,2,1
301119,326,2486,0.29777706861794184,0,769,3,2,1
9391,304,2485,0.33190467572753124,1,1283,1,0,0
386601,347,1089,0.5634170461046337,0,1231,9,1,1
709479,198,77,0.9699481832549082,1,1449,8,2,1
539469,134,2889,0.6719494453070807,0,130,4,0,0
869842,468,652,0.458848151177385,0,630,0,0,0
727687,160,2186,0.645181058533684,0,1159,9,1,1
480610,362,2039,0.028822047913627524,1,612,7,0,0
809063,433,212,0.7684096324240424,1,13,10,0,0
283521,211,1062,0.2563793547323149,0,729,4,1,1
247624,269,710,0.6849101438703782,1,1112,2,1,1
64700,175,1110,0.8751333143374639,0,1190,9,1,1
572093,388,947,0.9819982949397641,1,36,1,2,1
118513,265,1338,0.9745897861118402,1,1082,8,2,1
705927,116,1341,0.4231496256963675,1,1061,9,0,0
275361,346,960,0.4026999892114971,1,32,7,1,1
788775,73,2889,0.6153949597404779,0,369,5,0,0
558425,410,731,0.4495451965995144,0,88,3,2,1
786009,340,2156,0.13745408018766436,1,992,2,1,1
604165,323,1797,0.34263609843205345,0,562,9,2,1
952010,230,2887,0.47460767418692296,0,1135,0,1,1
994936,233,1170,0.24224572746746909,1,227,7,2,1
278344,57,1592,0.7916717339385072,0,1078,2,2,1
921147,417,57,0.40463285164178053,1,52,3,2,1
885341,313,197,0.9744139643834103,1,264,3,1,1
315007,429,2822,0.5503511801341926,1,334,8,2,1
621280,193,1324,0.8934064695960103,1,928,8,0,0
240736,72,1489,0.02190457559402903,0,883,2,1,1
770273,417,942,0.9656119639823275,1,732,5,1,1
389411,431,184,0.05946650080625293,0,326,3,1,1
853015,361,318,0.5514563253521162,0,952,10,1,1
367644,175,2191,0.8112523385805595,1,647,8,1,1
686779,314,154,0.8527035002811141,1,835,1,0,0
602343,286,718,0.12825728154383842,1,781,0,1,1
858876,159,2049,0.6550625625688954,0,1005,8,1,1
935931,169,1679,0.6688607386816126,0,764,1,0,0
116140,179,2468,0.4272191552132535,1,820,3,2,1
76362,275,519,0.9398513511708552,1,528,3,2,1
757885,200,498,0.9507273324815149,0,993,10,2,1
676310,239,1916,0.8393314638193516,1,592,7,0,0
428101,367,1797,0.31331913067795225,1,134,0,2,1
418378,348,1258,0.40497653131535205,0,43,2,1,1
488214,130,2017,0.26772267865637545,0,912,0,2,1
345030,114,2424,0.23986046108485903,0,1360,9,2,1
928903,161,293,0.0789949998019398,0,200,7,1,1
273397,377,1900,0.7195778675476389,0,65,10,0,0
868821,51,2006,0.8881868345072349,1,1182,7,1,1
905168,343,2990,0.46865303995232444,1,1031,0,1,1
397761,53,267,0.21834945605899003,1,88,6,0,0
959999,20,2767,0.5792114897085447,1,400,8,0,0
120485,221,1440,0.4374907598922122,1,804,3,0,0
149413,137,2687,0.36628326340422357,1,1421,5,2,1
397937,486,124,0.48883219997979777,0,534,3,1,1
775649,267,187,0.6019265382486937,1,646,5,0,0
439022,301,2656,0.14593341504457813,1,646,0,1,1
681431,459,667,0.48805767158350133,1,642,2,2,1
125682,216,374,0.20570235856849062,1,1346,3,2,1
5326,348,2417,0.08325572922638846,1,1211,4,1,1
677408,400,304,0.2832261094347832,1,762,2,2,1
366890,91,270,0.8959269907846126,1,416,7,0,0
343207,95,797,0.9849385379835188,0,1028,9,2,1
153266,384,1927,0.3546222908081522,1,746,0,2,1
341588,347,1256,0.13818048311742592,1,468,0,0,0
363968,174,448,0.16064191651851878,0,1026,0,0,0
560941,486,127,0.8435774984875031,1,293,9,2,1
379379,357,2607,0.5519991222802992,0,297,1,1,1
630063,72,1553,0.6899293373714879,0,128,7,0,0
219905,184,539,0.3878380623178652,1,337,0,2,1
480291,189,1984,0.04926081838430851,1,191,2,2,1
341456,455,2396,0.6546303527769307,1,636,1,0,0
595366,40,2611,0.824079728921537,0,511,4,1,1
589850,454,2729,0.17641231421620096,0,492,4,2,1
877658,179,623,0.2532252637626179,1,1340,3,1,1
988900,253,245,0.6479759633344013,1,457,2,1,1
804908,97,2781,0.16070418058964575,0,766,1,1,1
291935,374,852,0.20760503534950503,1,507,3,2,1
974042,406,1123,0.5626723453520038,1,392,7,0,0
502684,461,1368,0.8121406424624904,1,293,8,2,1
230608,447,1847,0.11504502558022167,0,386,4,1,1
588396,484,1299,0.024868806634573137,1,1074,10,1,1
544099,148,1590,0.5894350569777775,0,578,2,0,0
981513,180,2238,0.8822790191746732,1,899,4,1,1
605923,22,2037,0.866195915305162,1,659,8,2,1
245415,268,2173,0.052950819059731424,0,1061,9,0,0
689866,100,2096,0.48453757038891976,0,638,8,1,1
103256,106,1742,0.9207433410420075,1,763,8,0,0
644370,364,689,0.030884705331997053,0,658,10,0,0
499289,201,2281,0.6554228558306462,1,930,2,2,1
998175,344,918,0.7649255868685646,0,876,0,0,0
661838,51,1552,0.3890852869379047,1,1125,9,1,1
457619,201,388,0.7177722974697684,0,1464,3,0,0
399967,201,2256,0.04614435831693675,0,249,10,2,1
763704,406,2805,0.3068383282898982,1,994,1,1,1
663050,239,217,0.23235005367613892,1,375,8,1,1
699811,223,1656,0.5395587105479881,0,139,5,1,1
108300,22,2116,0.22231543946145949,0,588,8,1,1
710051,472,688,0.8036658468623643,1,680,2,1,1
943741,67,1641,0.4328430264149491,1,940,6,1,1
561079,304,68,0.7299002215799366,1,1499,9,2,1
461800,362,1010,0.6427145446221366,1,900,7,0,0
438587,457,486,0.5804247020594516,0,387,2,2,1
521480,419,2955,0.6269563101021599,1,1006,9,2,1
216541,228,1267,0.4064650052670674,1,1486,1,0,0
598761,381,1890,0.7428945774261723,1,935,9,1,1
859007,319,216,0.15216690303756675,1,1103,3,1,1
486420,456,2266,0.741879774298885,0,401,1,1,1
16575,380,605,0.8994513094119453,1,640,3,1,1
352149,366,503,0.9581697935755192,0,688,6,2,1
840958,217,581,0.04609931583851201,0,456,8,0,0
269722,489,146,0.6335850585411169,1,688,10,2,1
342547,409,293,0.5379057988130331,0,819,8,0,0
712483,116,726,0.12937580549930972,0,1168,3,1,1
334341,297,2870,0.13134399236746908,1,875,0,2,1
109041,261,997,0.7612958199815987,1,1067,1,1,1
530522,121,659,0.3901588985817144,1,884,2,1,1
874048,330,184,0.5202083117888786,0,1203,0,1,1
325924,210,2267,0.33434718365325744,0,24,2,0,0
435075,258,248,0.5874751370124668,0,462,3,0,0
839260,329,936,0.1948769674014046,0,1168,6,1,1
120372,486,2143,0.7529232005869435,0,115,0,2,1
306165,392,1827,0.019897898507721057,0,528,0,1,1
807832,172,321,0.26923994170080867,0,1048,1,0,0
842785,60,2728,0.5621446928020564,0,524,9,1,1
445489,38,1240,0.16499600042961404,1,876,8,2,1
172239,145,2995,0.8055350410230109,0,949,3,1,1
827298,228,883,0.9638410928413826,1,1084,4,1,1
70121,305,2163,0.3868959733129518,0,243,9,1,1
740572,207,1615,0.061002685574190196,1,56,4,1,1
923595,252,1452,0.8244675088759298,1,600,3,1,1
75022,449,1556,0.7804606584075862,0,39,2,1,1
182028,405,2958,0.08155254935987954,1,1000,2,2,1
795464,31,1463,0.5661491130504837,1,1024,5,0,0
540385,209,1779,0.9646424414737246,0,57,10,2,1
55582,145,2946,0.957784756219284,0,298,3,2,1
772388,127,2992,0.13302287905026244,0,696,8,2,1
438043,129,2934,0.7196464180107419,1,776,2,0,0
363820,461,953,0.4913625760651793,0,591,7,0,0
267293,408,1128,0.23569645016110685,1,127,5,1,1
432589,278,1930,0.8640164466369613,0,480,3,1,1
